Workbook

Sheet รายชื่อจบส.
A1: รหัสโรงงาน | B1: REGION | C1: บจก./หจก. | D1: ลำดับ | E1: รหัส | F1: ชื่อภาษาไทย | G1: นามสกุลภาษาไทย | H1: โรงงาน | I1: Status | J1: TEAM | K1: ชื่อ-นามสกุล | L1: เดือนที่อบรม
A2: 13O3 | B2: 2-East | C2: บจ.บูรพาคอนกรีต แอนด์ คอนสตรัคชั่น | D2: 1 | E2: 160004 | F2: เดชา | G2: ชลชีพ | H2: บูรพา ท่าหลวง (FC Type X) | I2: ยังไม่อบรม | J2: สาโรจน์ | K2: เดชาชลชีพ | L2: ยังไม่อบรม
A3: 13O3 | B3: 2-East | C3: บจ.บูรพาคอนกรีต แอนด์ คอนสตรัคชั่น | D3: 1 | E3: 160006 | F3: สมบัติ | G3: พุทธพฤกษ์ | H3: บูรพา ท่าหลวง (FC Type X) | I3: ยังไม่อบรม | J3: สาโรจน์ | K3: สมบัติพุทธพฤกษ์ | L3: ยังไม่อบรม
A4: 13O3 | B4: 2-East | C4: บจ.บูรพาคอนกรีต แอนด์ คอนสตรัคชั่น | D4: 1 | E4: 160009 | F4: บรรจบ | G4: วิมาลา | H4: บูรพา ท่าหลวง (FC Type X) | I4: ยังไม่อบรม | J4: สาโรจน์ | K4: บรรจบวิมาลา | L4: ยังไม่อบรม
A5: 13O3 | B5: 2-East | C5: บจ.บูรพาคอนกรีต แอนด์ คอนสตรัคชั่น | D5: 1 | E5: 160010 | F5: จรูญ | G5: บุญอภัย | H5: บูรพา ท่าหลวง (FC Type X) | I5: ยังไม่อบรม | J5: สาโรจน์ | K5: จรูญบุญอภัย | L5: ยังไม่อบรม
A6: 13O3 | B6: 2-East | C6: บจ.บูรพาคอนกรีต แอนด์ คอนสตรัคชั่น | D6: 1 | E6: 160011 | F6: ฤกษ์ชัย | G6: เที่ยงธรรม | H6: บูรพา ท่าหลวง (FC Type X) | I6: ยังไม่อบรม | J6: สาโรจน์ | K6: ฤกษ์ชัยเที่ยงธรรม | L6: ยังไม่อบรม
A7: 13O3 | B7: 2-East | C7: บจ.บูรพาคอนกรีต แอนด์ คอนสตรัคชั่น | D7: 1 | E7: 160013 | F7: ทองปาน | G7: สองอุทธา | H7: บูรพา ท่าหลวง (FC Type X) | I7: ยังไม่อบรม | J7: สาโรจน์ | K7: ทองปานสองอุทธา | L7: ยังไม่อบรม
A8: 13O3 | B8: 2-East | C8: บจ.บูรพาคอนกรีต แอนด์ คอนสตรัคชั่น | D8: 1 | E8: 160020 | F8: นรากร | G8: เหลืองวิเศษ | H8: บูรพา ท่าหลวง (FC Type X) | I8: ยังไม่อบรม | J8: สาโรจน์ | K8: นรากรเหลืองวิเศษ | L8: ยังไม่อบรม
A9: 13O3 | B9: 2-East | C9: บจ.บูรพาคอนกรีต แอนด์ คอนสตรัคชั่น | D9: 1 | E9: 160025 | F9: วิชา | G9: หลอดทอง | H9: บูรพา ท่าหลวง (FC Type X) | I9: ยังไม่อบรม | J9: สาโรจน์ | K9: วิชาหลอดทอง | L9: ยังไม่อบรม
A10: 13O4 | B10: 2-East | C10: บจ. ส.ชัยโย ขนส่ง | D10: 1 | E10: 860008 | F10: พรประสิทธิ์ | G10: ศรีบุญเรือง | H10: วี.เอส.คอนกรีต(Type X) | I10: ผ่าน | J10: อดิเรก | K10: พรประสิทธิ์ศรีบุญเรือง | L10: 9
A11: 13O4 | B11: 2-East | C11: บจ.เสริมสินไพบูลย์ | D11: 1 | E11: 1R0028 | F11: ริน | G11: รักษา | H11: วี.เอส.คอนกรีต(Type X) | I11: ผ่าน | J11: อดิเรก | K11: รินรักษา | L11: 8
A12: 13O4 | B12: 2-East | C12: บจ.เสริมสินไพบูลย์ | D12: 1 | E12: 1R0052 | F12: รังสรรค์ | G12: จันทนะมูลตรี | H12: วี.เอส.คอนกรีต(Type X) | I12: ผ่าน | J12: อดิเรก | K12: รังสรรค์จันทนะมูลตรี | L12: 5
A13: 13O4 | B13: 2-East | C13: บจ.เสริมสินไพบูลย์ | D13: 1 | E13: 1R0090 | F13: สิริพงศ์ | G13: บุตรดี | H13: วี.เอส.คอนกรีต(Type X) | I13: ผ่าน | J13: อดิเรก | K13: สิริพงศ์บุตรดี | L13: 2
A14: 13O4 | B14: 2-East | C14: บจ.เสริมสินไพบูลย์ | D14: 1 | E14: 1R0132 | F14: สุขชัย | G14: โพธารินทร์ | H14: วี.เอส.คอนกรีต(Type X) | I14: ผ่าน | J14: อดิเรก | K14: สุขชัยโพธารินทร์ | L14: 8
A15: 13O4 | B15: 2-East | C15: บจ.แสงทองขนส่งภาคใต้ | D15: 1 | E15: OA0297 | F15: จักรี | G15: กันชม | H15: วี.เอส.คอนกรีต(Type X) | I15: ยังไม่อบรม | J15: อดิเรก | K15: จักรีกันชม | L15: ยังไม่อบรม
A16: 13O4 | B16: 2-East | C16: บจ.แสงทองขนส่งภาคใต้ | D16: 1 | E16: OA0299 | F16: สรุชัย | G16: พรหมโชติ | H16: วี.เอส.คอนกรีต(Type X) | I16: ยังไม่อบรม | J16: อดิเรก | K16: สรุชัยพรหมโชติ | L16: ยังไม่อบรม
A17: 13O4 | B17: 2-East | C17: บจ.แสงทองขนส่งภาคใต้ | D17: 1 | E17: OA1310 | F17: ประกาษิต | G17: สร้อยเพชร | H17: วี.เอส.คอนกรีต(Type X) | I17: ผ่าน | J17: อดิเรก | K17: ประกาษิตสร้อยเพชร | L17: 8
A18: 13O4 | B18: 2-East | C18: บจ.รุ่งภัทศุ | D18: 1 | E18: 890027 | F18: มนตรี | G18: ใจบุญเหลือ | H18: วี.เอส.คอนกรีต(Type X) | I18: ผ่าน | J18: อดิเรก | K18: มนตรีใจบุญเหลือ | L18: 6
A19: 13O4 | B19: 2-East | C19: หจก.วี.เอส.อินดัสเตรียล ซัพพลาย | D19: 1 | E19: 120002 | F19: ขจรศักดิ์ | G19: ทัพสุเทพ | H19: วี.เอส.คอนกรีต(Type X) | I19: ผ่าน | J19: อดิเรก | K19: ขจรศักดิ์ทัพสุเทพ | L19: 8
A20: 13O4 | B20: 2-East | C20: หจก.วี.เอส.อินดัสเตรียล ซัพพลาย | D20: 1 | E20: 120008 | F20: อนุชัย | G20: แม่นปืน | H20: วี.เอส.คอนกรีต(Type X) | I20: ไม่ผ่าน | J20: อดิเรก | K20: อนุชัยแม่นปืน | L20: 8
A21: 13O4 | B21: 2-East | C21: หจก.วี.เอส.อินดัสเตรียล ซัพพลาย | D21: 1 | E21: 120010 | F21: วิโรจ | G21: ทองพิมพ์ | H21: วี.เอส.คอนกรีต(Type X) | I21: ผ่าน | J21: อดิเรก | K21: วิโรจทองพิมพ์ | L21: 8
A22: 13O4 | B22: 2-East | C22: หจก.วี.เอส.อินดัสเตรียล ซัพพลาย | D22: 1 | E22: 120011 | F22: วัชระ | G22: นักปรัชญ์ | H22: วี.เอส.คอนกรีต(Type X) | I22: ผ่าน | J22: อดิเรก | K22: วัชระนักปรัชญ์ | L22: 9
A23: 13O4 | B23: 2-East | C23: หจก.วี.เอส.อินดัสเตรียล ซัพพลาย | D23: 1 | E23: 120013 | F23: สำอาง | G23: ประไพ | H23: วี.เอส.คอนกรีต(Type X) | I23: ไม่ผ่าน | J23: อดิเรก | K23: สำอางประไพ | L23: 8
A24: 13O4 | B24: 2-East | C24: หจก.วี.เอส.อินดัสเตรียล ซัพพลาย | D24: 1 | E24: 120016 | F24: ชวาลภพ | G24: เกลี้ยงพรมไข | H24: วี.เอส.คอนกรีต(Type X) | I24: ผ่าน | J24: อดิเรก | K24: ชวาลภพเกลี้ยงพรมไข | L24: 8
A25: 13O4 | B25: 2-East | C25: หจก.วี.เอส.อินดัสเตรียล ซัพพลาย | D25: 1 | E25: 120017 | F25: สุขพงค์ | G25: พิทักษ์ | H25: วี.เอส.คอนกรีต(Type X) | I25: ผ่าน | J25: อดิเรก | K25: สุขพงค์พิทักษ์ | L25: 8
A26: 13O4 | B26: 2-East | C26: หจก.วี.เอส.อินดัสเตรียล ซัพพลาย | D26: 1 | E26: 120020 | F26: วิชาญ | G26: วงษ์บาท | H26: วี.เอส.คอนกรีต(Type X) | I26: ไม่ผ่าน | J26: อดิเรก | K26: วิชาญวงษ์บาท | L26: 8
A27: 13O4 | B27: 2-East | C27: หจก.วี.เอส.อินดัสเตรียล ซัพพลาย | D27: 1 | E27: 120021 | F27: ทินกร | G27: นาหัวนิล | H27: วี.เอส.คอนกรีต(Type X) | I27: ไม่ผ่าน | J27: อดิเรก | K27: ทินกรนาหัวนิล | L27: 8
A28: 13O4 | B28: 2-East | C28: หจก.วี.เอส.อินดัสเตรียล ซัพพลาย | D28: 1 | E28: 120024 | F28: สมพงษ์ | G28: เลยา | H28: วี.เอส.คอนกรีต(Type X) | I28: ผ่าน | J28: อดิเรก | K28: สมพงษ์เลยา | L28: 9
A29: 13O4 | B29: 2-East | C29: หจก.วี.เอส.อินดัสเตรียล ซัพพลาย | D29: 1 | E29: 120026 | F29: วงศกร | G29: เกษอุบล | H29: วี.เอส.คอนกรีต(Type X) | I29: ยังไม่อบรม | J29: อดิเรก | K29: วงศกรเกษอุบล | L29: ยังไม่อบรม
A30: 13O4 | B30: 2-East | C30: หจก.วี.เอส.อินดัสเตรียล ซัพพลาย | D30: 1 | E30: 120027 | F30: อาทิตย์ | G30: เรืองบรรเทิง | H30: วี.เอส.คอนกรีต(Type X) | I30: ผ่าน | J30: อดิเรก | K30: อาทิตย์เรืองบรรเทิง | L30: 2
A31: 13O4 | B31: 2-East | C31: หจก.วี.เอส.อินดัสเตรียล ซัพพลาย | D31: 1 | E31: 120028 | F31: ประวิทย์ | G31: ศรีฉายา | H31: วี.เอส.คอนกรีต(Type X) | I31: ผ่าน | J31: อดิเรก | K31: ประวิทย์ศรีฉายา | L31: 8
A32: 13O4 | B32: 2-East | C32: หจก.วี.เอส.อินดัสเตรียล ซัพพลาย | D32: 1 | E32: 120029 | F32: สุรชัย | G32: ซ่ำอยู่ | H32: วี.เอส.คอนกรีต(Type X) | I32: ผ่าน | J32: อดิเรก | K32: สุรชัยซ่ำอยู่ | L32: 8
A33: 13O4 | B33: 2-East | C33: หจก.วี.เอส.อินดัสเตรียล ซัพพลาย | D33: 1 | E33: 120031 | F33: สุริยะ | G33: วิลัยกรวด | H33: วี.เอส.คอนกรีต(Type X) | I33: ผ่าน | J33: อดิเรก | K33: สุริยะวิลัยกรวด | L33: 8
A34: 13O4 | B34: 2-East | C34: หจก.วี.เอส.อินดัสเตรียล ซัพพลาย | D34: 1 | E34: 420003 | F34: อดุลย์ | G34: กำไรเงิน | H34: วี.เอส.คอนกรีต(Type X) | I34: ผ่าน | J34: อดิเรก | K34: อดุลย์กำไรเงิน | L34: 8
A35: 13O4 | B35: 2-East | C35: หจก.วี.เอส.อินดัสเตรียล ซัพพลาย | D35: 1 | E35: 420004 | F35: ศักดิ์ณรงค์ | G35: โกษาจันทร์ | H35: วี.เอส.คอนกรีต(Type X) | I35: ผ่าน | J35: อดิเรก | K35: ศักดิ์ณรงค์โกษาจันทร์ | L35: 8
A36: 13O5 | B36: 2-East | C36: East LOGISTICS | D36: 1 | E36: 150021 | F36: นิคม | G36: อุตรัตน์ | H36: ซิโนมา Type X | I36: ยังไม่อบรม | J36: อภิชะยา | K36: นิคมอุตรัตน์ | L36: ยังไม่อบรม
A37: 13O5 | B37: 2-East | C37: East LOGISTICS | D37: 1 | E37: 150028 | F37: บุญเลิศ | G37: เสาร์ปัญญา | H37: ซิโนมา Type X | I37: ยังไม่อบรม | J37: อภิชะยา | K37: บุญเลิศเสาร์ปัญญา | L37: ยังไม่อบรม
A38: 13O5 | B38: 2-East | C38: East LOGISTICS | D38: 1 | E38: 150026 | F38: ไพฑูรย์ | G38: โพธิ์สำโรง | H38: ซิโนมา Type X | I38: ยังไม่อบรม | J38: อภิชะยา | K38: ไพฑูรย์โพธิ์สำโรง | L38: ยังไม่อบรม
A39: 13O5 | B39: 2-East | C39: East LOGISTICS | D39: 1 | E39: 150025 | F39: สังวรณ์ | G39: ชีพนุรัตน์ | H39: ซิโนมา Type X | I39: ยังไม่อบรม | J39: อภิชะยา | K39: สังวรณ์ชีพนุรัตน์ | L39: ยังไม่อบรม
A40: 13O5 | B40: 2-East | C40: East LOGISTICS | D40: 1 | E40: 150023 | F40: วิโรจน์ | G40: ทองรักษ์ | H40: ซิโนมา Type X | I40: ยังไม่อบรม | J40: อภิชะยา | K40: วิโรจน์ทองรักษ์ | L40: ยังไม่อบรม
A41: 13O5 | B41: 2-East | C41: East LOGISTICS | D41: 1 | E41: 150024 | F41: พรานเพชร | G41: มายอด | H41: ซิโนมา Type X | I41: ยังไม่อบรม | J41: อภิชะยา | K41: พรานเพชรมายอด | L41: ยังไม่อบรม
A42: 13O5 | B42: 2-East | C42: East LOGISTICS | D42: 1 | E42: 150027 | F42: สามารถ | G42: คล้ำงาน | H42: ซิโนมา Type X | I42: ยังไม่อบรม | J42: อภิชะยา | K42: สามารถคล้ำงาน | L42: ยังไม่อบรม
A43: 13O5 | B43: 2-East | C43: East LOGISTICS | D43: 1 | E43: 150029 | F43: สมหวัง | G43: สารบรรณ์ | H43: ซิโนมา Type X | I43: ยังไม่อบรม | J43: อภิชะยา | K43: สมหวังสารบรรณ์ | L43: ยังไม่อบรม
A44: 13O5 | B44: 2-East | C44: East LOGISTICS | D44: 1 | E44: 150030 | F44: รัศหมี | G44: หารี | H44: ซิโนมา Type X | I44: ยังไม่อบรม | J44: อภิชะยา | K44: รัศหมีหารี | L44: ยังไม่อบรม
A45: 13O5 | B45: 2-East | C45: East LOGISTICS | D45: 1 | E45: 150031 | F45: เบิ้ม | G45: กฤษวี | H45: ซิโนมา Type X | I45: ยังไม่อบรม | J45: อภิชะยา | K45: เบิ้มกฤษวี | L45: ยังไม่อบรม
A46: 13O5 | B46: 2-East | C46: East LOGISTICS | D46: 1 | E46: 150017 | F46: ทนง | G46: สุดเทียน | H46: ซิโนมา Type X | I46: ยังไม่อบรม | J46: อภิชะยา | K46: ทนงสุดเทียน | L46: ยังไม่อบรม
A47: 13O5 | B47: 2-East | C47: East LOGISTICS | D47: 1 | E47: 150015 | F47: สมภพ | G47: ดาบศรี | H47: ซิโนมา Type X | I47: ยังไม่อบรม | J47: อภิชะยา | K47: สมภพดาบศรี | L47: ยังไม่อบรม
... A53: 14H4 | B53: 5-NorthEast | C53: บจ.ซีมิกซ์คอนกรีต | D53: 1 | E53: N30006 | F53: เกรียงไกร | G53: พุ่มไพจิตร | H53: FC อุดร-สามพร้าว (Type N) | I53: ยังไม่อบรม | J53: วัชระนิรันดร์ | K53: เกรียงไกรพุ่มไพจิตร | L53: ยังไม่อบรม
A54: 14H8 | B54: 5-NorthEast | C54: บจ.ทวีสินคอนกรีต | D54: 1 | E54: RU0071 | F54: ทองใบ | G54: วิทยา | H54: FC ร้อยเอ็ด3 Type N | I54: ผ่าน | J54: พิกิจ | K54: ทองใบวิทยา | L54: 4
A55: 14H8 | B55: 5-NorthEast | C55: บจ.ทวีสินคอนกรีต | D55: 1 | E55: RU0072 | F55: บุญช่วย | G55: ตาสาโรจน์ | H55: FC ร้อยเอ็ด3 Type N | I55: ยังไม่อบรม | J55: พิกิจ | K55: บุญช่วยตาสาโรจน์ | L55: ยังไม่อบรม
A56: 14H8 | B56: 5-NorthEast | C56: บจ.ทวีสินคอนกรีต | D56: 1 | E56: RU0073 | F56: เกษม | G56: ศิริวิเศษไทย | H56: FC ร้อยเอ็ด3 Type N | I56: ยังไม่อบรม | J56: พิกิจ | K56: เกษมศิริวิเศษไทย | L56: ยังไม่อบรม
A57: 14H8 | B57: 5-NorthEast | C57: บจ.ทวีสินคอนกรีต | D57: 1 | E57: RU0074 | F57: วัชริน | G57: วิทยาเวทย์ | H57: FC ร้อยเอ็ด3 Type N | I57: ผ่าน | J57: พิกิจ | K57: วัชรินวิทยาเวทย์ | L57: 4
A58: 14H8 | B58: 5-NorthEast | C58: หจก.เอส.อาร์.อาร์.คอนกรีต | D58: 1 | E58: UF0002 | F58: สุข | G58: สมณา | H58: FC ร้อยเอ็ด3 Type N | I58: ยังไม่อบรม | J58: พิกิจ | K58: สุขสมณา | L58: ยังไม่อบรม
A59: 14H8 | B59: 5-NorthEast | C59: หจก.เอส.อาร์.อาร์.คอนกรีต | D59: 1 | E59: UF0003 | F59: จตุพล | G59: นาดา | H59: FC ร้อยเอ็ด3 Type N | I59: ผ่าน | J59: พิกิจ | K59: จตุพลนาดา | L59: 9
A60: 14H8 | B60: 5-NorthEast | C60: หจก.เอส.อาร์.อาร์.คอนกรีต | D60: 1 | E60: UF0013 | F60: มเหศวร | G60: สวัสดิ์เอื้อ | H60: FC ร้อยเอ็ด3 Type N | I60: ผ่าน | J60: พิกิจ | K60: มเหศวรสวัสดิ์เอื้อ | L60: 6
A61: 14H8 | B61: 5-NorthEast | C61: หจก.เอส.อาร์.อาร์.คอนกรีต | D61: 1 | E61: UF0017 | F61: กนกกร | G61: งามสนิท | H61: FC ร้อยเอ็ด3 Type N | I61: ผ่าน | J61: พิกิจ | K61: กนกกรงามสนิท | L61: 5
A62: 15AQ | B62: 6-South | C62: หจก.จุฑารัตน์คอนกรีต | D62: 1 | E62: VO0002 | F62: วีรวุฒิ | G62: คหะวงษ์ | H62: FC กาญจนดิษฐ์ (Type X) | I62: ผ่าน | J62: จุมพล | K62: วีรวุฒิคหะวงษ์ | L62: 9
A63: 15AQ | B63: 6-South | C63: หจก.จุฑารัตน์คอนกรีต | D63: 1 | E63: VO0004 | F63: วัชรพล | G63: บุญดี | H63: FC กาญจนดิษฐ์ (Type X) | I63: ผ่าน | J63: จุมพล | K63: วัชรพลบุญดี | L63: 9
A64: 15AQ | B64: 6-South | C64: หจก.วี.วี.เอ็ม. คอนกรีต | D64: 1 | E64: 830005 | F64: ชลธาร | G64: สุวรรณน้อย | H64: FC กาญจนดิษฐ์ (Type X) | I64: ยังไม่อบรม | J64: จุมพล | K64: ชลธารสุวรรณน้อย | L64: ยังไม่อบรม
A65: 15AQ | B65: 6-South | C65: หจก.วี.วี.เอ็ม. คอนกรีต | D65: 1 | E65: 830006 | F65: นิรันดร | G65: บุญมาก | H65: FC กาญจนดิษฐ์ (Type X) | I65: ยังไม่อบรม | J65: จุมพล | K65: นิรันดรบุญมาก | L65: ยังไม่อบรม
A66: 19FD | B66: 4-North | C66: บจ.เอ็น.ดี.พี.เอ็นจิเนียริ่ง | D66: 1 | E66: 810022 | F66: ต๋อย | G66: ธรรมสอน | H66: ลำปาง-เกาะคา(FC Co-Area Type X) | I66: ผ่าน | J66: นพพร | K66: ต๋อยธรรมสอน | L66: 8
A67: FC374 | B67: 4-North | C67: บจ.สบปราบรุ่งเรืองคอนกรีต | D67: 1 | E67: 930003 | F67: วัชรศักดิ์ | G67: ตุ้ยชัย | H67: ลำปาง-สบปราบ | I67: ผ่าน | J67: นพพร | K67: วัชรศักดิ์ตุ้ยชัย | L67: 5
A68: FC374 | B68: 4-North | C68: บจ.สบปราบรุ่งเรืองคอนกรีต | D68: 1 | E68: 930004 | F68: สราวุฒิ | G68: อินแก้ว | H68: ลำปาง-สบปราบ | I68: ผ่าน | J68: นพพร | K68: สราวุฒิอินแก้ว | L68: 6
A69: 19FD | B69: 4-North | C69: บจ.สบปราบรุ่งเรืองคอนกรีต | D69: 1 | E69: UZ0009 | F69: นิคม | G69: บุญเรือง | H69: ลำปาง-เกาะคา(FC Co-Area Type X) | I69: ไม่ผ่าน | J69: นพพร | K69: นิคมบุญเรือง | L69: 6
A70: 19FD | B70: 4-North | C70: บจ.สบปราบรุ่งเรืองคอนกรีต | D70: 1 | E70: 930002 | F70: ราชันย์ | G70: สุดใจ | H70: ลำปาง-เกาะคา(FC Co-Area Type X) | I70: ยังไม่อบรม | J70: นพพร | K70: ราชันย์สุดใจ | L70: ยังไม่อบรม
A71: 19FE | B71: 4-North | C71: บจ.เอ็น.ดี.พี.เอ็นจิเนียริ่ง | D71: 1 | E71: OD1108 | F71: สำลี | G71: วันที | H71: ลำปาง-แม่ทะ(ผาลาด)(FC Co-Area Type X) | I71: ยังไม่อบรม | J71: นพพร | K71: สำลีวันที | L71: ยังไม่อบรม
A72: 19FE | B72: 4-North | C72: บจ.นอร์ทเทิร์น แมททีเรียล แอนด์คอนกรีต | D72: 1 | E72: UZ0011 | F72: เอกรินทร์ | G72: ใจศรี | H72: ลำปาง-แม่ทะ(ผาลาด)(FC Co-Area Type X) | I72: ผ่าน | J72: นพพร | K72: เอกรินทร์ใจศรี | L72: 5
A73: 19FE | B73: 4-North | C73: บจ.นอร์ทเทิร์น แมททีเรียล แอนด์คอนกรีต | D73: 1 | E73: UZ0016 | F73: ปรัชญา | G73: ดวงสุภา | H73: ลำปาง-แม่ทะ(ผาลาด)(FC Co-Area Type X) | I73: ผ่าน | J73: นพพร | K73: ปรัชญาดวงสุภา | L73: 6
A74: 19FE | B74: 4-North | C74: บจ.นอร์ทเทิร์น แมททีเรียล แอนด์คอนกรีต | D74: 1 | E74: UZ0035 | F74: สุทธิชัย | G74: ชุมภูสาย | H74: ลำปาง-แม่ทะ(ผาลาด)(FC Co-Area Type X) | I74: ยังไม่อบรม | J74: นพพร | K74: สุทธิชัยชุมภูสาย | L74: ยังไม่อบรม
A75: 19FE | B75: 4-North | C75: บจ.นอร์ทเทิร์น แมททีเรียล แอนด์คอนกรีต | D75: 1 | E75: UZ0036 | F75: ทินกร | G75: ฮวบนวม | H75: ลำปาง-แม่ทะ(ผาลาด)(FC Co-Area Type X) | I75: ยังไม่อบรม | J75: นพพร | K75: ทินกรฮวบนวม | L75: ยังไม่อบรม
A76: 19FE | B76: 4-North | C76: บจ.นอร์ทเทิร์น แมททีเรียล แอนด์คอนกรีต | D76: 1 | E76: UZ0037 | F76: ชัยวัฒน์ | G76: พรมทอง | H76: ลำปาง-แม่ทะ(ผาลาด)(FC Co-Area Type X) | I76: ผ่าน | J76: นพพร | K76: ชัยวัฒน์พรมทอง | L76: 9
A77: 19FE | B77: 4-North | C77: บจ.นอร์ทเทิร์น แมททีเรียล แอนด์คอนกรีต | D77: 1 | E77: UZ0038 | F77: ศรายุทธ | G77: เครือดวงคำ | H77: ลำปาง-แม่ทะ(ผาลาด)(FC Co-Area Type X) | I77: ผ่าน | J77: นพพร | K77: ศรายุทธเครือดวงคำ | L77: 9
A78: 19FE | B78: 4-North | C78: บจ.นอร์ทเทิร์น แมททีเรียล แอนด์คอนกรีต | D78: 1 | E78: UZ0039 | F78: อานนท์ | G78: วงศ์ดล | H78: ลำปาง-แม่ทะ(ผาลาด)(FC Co-Area Type X) | I78: ยังไม่อบรม | J78: นพพร | K78: อานนท์วงศ์ดล | L78: ยังไม่อบรม
A79: 19FJ | B79: 4-North | C79: บจ.เอ็น.ดี.พี.เอ็นจิเนียริ่ง | D79: 1 | E79: 810018 | F79: ฉัตร | G79: ศรีมะเริง | H79: ลำปาง-ห้างฉัตร(FC Co-Area Type X) | I79: ผ่าน | J79: นพพร | K79: ฉัตรศรีมะเริง | L79: 5
A80: 19FJ | B80: 4-North | C80: บจ.เอ็น.ดี.พี.เอ็นจิเนียริ่ง | D80: 1 | E80: OD1658 | F80: ประยูร | G80: สนิทนวล | H80: ลำปาง-ห้างฉัตร(FC Co-Area Type X) | I80: ยังไม่อบรม | J80: นพพร | K80: ประยูรสนิทนวล | L80: ยังไม่อบรม
A81: 3164 | B81: 6-South | C81: บจ.ไถ่เชียงคอนกรีต | D81: 1 | E81: TY0015 | F81: ปราศัย | G81: ตันพานิช | H81: FC ปากน้ำชุมพร (Type X ) | I81: ยังไม่อบรม | J81: จุมพล | K81: ปราศัยตันพานิช | L81: ยังไม่อบรม
A82: 3164 | B82: 6-South | C82: บจ.ไถ่เชียงคอนกรีต | D82: 1 | E82: TY0019 | F82: เกรียงศักดิ์ | G82: ซุ่ยยัง | H82: FC ปากน้ำชุมพร (Type X ) | I82: ยังไม่อบรม | J82: จุมพล | K82: เกรียงศักดิ์ซุ่ยยัง | L82: ยังไม่อบรม
A83: 3164 | B83: 6-South | C83: บจ.ไถ่เชียงคอนกรีต | D83: 1 | E83: TY0022 | F83: สมชาย | G83: บัวนิทาน | H83: FC ปากน้ำชุมพร (Type X ) | I83: ยังไม่อบรม | J83: จุมพล | K83: สมชายบัวนิทาน | L83: ยังไม่อบรม
A84: 3164 | B84: 6-South | C84: บจ.ไถ่เชียงคอนกรีต | D84: 1 | E84: TY0026 | F84: ธวัชชัย | G84: ชูเยาว์ | H84: FC ปากน้ำชุมพร (Type X ) | I84: ยังไม่อบรม | J84: จุมพล | K84: ธวัชชัยชูเยาว์ | L84: ยังไม่อบรม
A85: 3164 | B85: 6-South | C85: บจ.ไถ่เชียงคอนกรีต | D85: 1 | E85: TY0027 | F85: สุขนิรันดร์ | G85: บัวพา | H85: FC ปากน้ำชุมพร (Type X ) | I85: ยังไม่อบรม | J85: จุมพล | K85: สุขนิรันดร์บัวพา | L85: ยังไม่อบรม
A86: 3164 | B86: 6-South | C86: บจ.ไถ่เชียงคอนกรีต | D86: 1 | E86: TY0028 | F86: ศุภกิจ | G86: ปัดเมฆ | H86: FC ปากน้ำชุมพร (Type X ) | I86: ยังไม่อบรม | J86: จุมพล | K86: ศุภกิจปัดเมฆ | L86: ยังไม่อบรม
A87: 3164 | B87: 6-South | C87: บจ.ไถ่เชียงคอนกรีต | D87: 1 | E87: TY0010 | F87: ชำนาญ | G87: บุญมี | H87: FC ปากน้ำชุมพร (Type X ) | I87: ยังไม่อบรม | J87: จุมพล | K87: ชำนาญบุญมี | L87: ยังไม่อบรม
A88: 3164 | B88: 6-South | C88: บจ.ไถ่เชียงคอนกรีต | D88: 1 | E88: TY0014 | F88: อดุล | G88: ปักษิณ | H88: FC ปากน้ำชุมพร (Type X ) | I88: ยังไม่อบรม | J88: จุมพล | K88: อดุลปักษิณ | L88: ยังไม่อบรม
A89: 3164 | B89: 6-South | C89: บจ.ปูนซิเมนต์ไทย (แก่งคอย) | D89: 1 | E89: 410044 | F89: นันทวุฒ | G89: ปิ่นเกตุ | H89: FC ปากน้ำชุมพร (Type X ) | I89: ยังไม่อบรม | J89: จุมพล | K89: นันทวุฒปิ่นเกตุ | L89: ยังไม่อบรม
A90: 3164 | B90: 6-South | C90: บจ.ชุมพรไถ่เชียงคอนกรีต | D90: 1 | E90: FO0012 | F90: จ้ง | G90: ทองรักษ์ | H90: FC ปากน้ำชุมพร (Type X ) | I90: ยังไม่อบรม | J90: จุมพล | K90: จ้งทองรักษ์ | L90: ยังไม่อบรม
A91: 3164 | B91: 6-South | C91: บจ.ชุมพรไถ่เชียงคอนกรีต | D91: 1 | E91: FO0016 | F91: ศราวุธ | G91: ป่องสุพรวน | H91: FC ปากน้ำชุมพร (Type X ) | I91: ยังไม่อบรม | J91: จุมพล | K91: ศราวุธป่องสุพรวน | L91: ยังไม่อบรม
A92: 3164 | B92: 6-South | C92: บจ.ชุมพรไถ่เชียงคอนกรีต | D92: 1 | E92: FO0019 | F92: พงค์พิสุทธิ์ | G92: ศรีรอด | H92: FC ปากน้ำชุมพร (Type X ) | I92: ผ่าน | J92: จุมพล | K92: พงค์พิสุทธิ์ศรีรอด | L92: 5
A93: 3164 | B93: 6-South | C93: บจ.ชุมพรไถ่เชียงคอนกรีต | D93: 1 | E93: FO0018 | F93: วงศกร | G93: ช่วยคุ้มภัย | H93: FC ปากน้ำชุมพร (Type X ) | I93: ยังไม่อบรม | J93: จุมพล | K93: วงศกรช่วยคุ้มภัย | L93: ยังไม่อบรม
A94: 3165 | B94: 6-South | C94: หจก.ผาหลวงคอนกรีต | D94: 1 | E94: FP0022 | F94: เกษม | G94: เพ็ชรเดช | H94: FC ผาหลวงคอนกรีต | I94: ผ่าน | J94: จุมพล | K94: เกษมเพ็ชรเดช | L94: 10
A95: 3165 | B95: 6-South | C95: หจก.ผาหลวงคอนกรีต | D95: 1 | E95: FP0033 | F95: พิภพ | G95: ดิษพัฒน์ | H95: FC ผาหลวงคอนกรีต | I95: ยังไม่อบรม | J95: จุมพล | K95: พิภพดิษพัฒน์ | L95: ยังไม่อบรม
A96: 3165 | B96: 6-South | C96: หจก.ผาหลวงคอนกรีต | D96: 1 | E96: FP0044 | F96: สุรินทร์ | G96: ฉิมประสิทธฺ์ | H96: FC ผาหลวงคอนกรีต | I96: ยังไม่อบรม | J96: จุมพล | K96: สุรินทร์ฉิมประสิทธฺ์ | L96: ยังไม่อบรม
A97: 3165 | B97: 6-South | C97: หจก.ผาหลวงคอนกรีต | D97: 1 | E97: FP0048 | F97: ธีระศักดิ์ | G97: ผ่านสาคร | H97: FC ผาหลวงคอนกรีต | I97: ยังไม่อบรม | J97: จุมพล | K97: ธีระศักดิ์ผ่านสาคร | L97: ยังไม่อบรม
A98: 3166 | B98: 6-South | C98: หจก.ผาหลวงคอนกรีต | D98: 1 | E98: FP0028 | F98: สมปอง | G98: หิรัญคช | H98: FC ผาหลวงคอนกรีต 2 | I98: ผ่าน | J98: จุมพล | K98: สมปองหิรัญคช | L98: 10
A99: 3166 | B99: 6-South | C99: หจก.ผาหลวงคอนกรีต | D99: 1 | E99: FP0049 | F99: ครอบ | G99: แซ่ด่าน | H99: FC ผาหลวงคอนกรีต 2 | I99: ผ่าน | J99: จุมพล | K99: ครอบแซ่ด่าน | L99: 10
A100: 3168 | B100: 6-South | C100: บจ.พุนพินมาตรฐานคอนกรีต | D100: 1 | E100: 6B0040 | F100: ประคอง | G100: ทินบุตร | H100: FC หนองขรี | I100: ผ่าน | J100: จุมพล | K100: ประคองทินบุตร | L100: 9
A101: 3168 | B101: 6-South | C101: บจ.พุนพินมาตรฐานคอนกรีต | D101: 1 | E101: 6B0047 | F101: ชาญชัย | G101: มีรัตน์ | H101: FC หนองขรี | I101: ผ่าน | J101: จุมพล | K101: ชาญชัยมีรัตน์ | L101: 2
A102: 3168 | B102: 6-South | C102: บจ.พุนพินมาตรฐานคอนกรีต | D102: 1 | E102: 6B0048 | F102: มาโนช | G102: แสงสว่าง | H102: FC หนองขรี | I102: ผ่าน | J102: จุมพล | K102: มาโนชแสงสว่าง | L102: 9
A103: 3168 | B103: 6-South | C103: บจ.พุนพินมาตรฐานคอนกรีต | D103: 1 | E103: 6B0049 | F103: รณชัย | G103: ธงชัย | H103: FC หนองขรี | I103: ผ่าน | J103: จุมพล | K103: รณชัยธงชัย | L103: 5
A104: 3168 | B104: 6-South | C104: บจ.พุนพินมาตรฐานคอนกรีต | D104: 1 | E104: 6B0053 | F104: วีทัศน์ | G104: ปราบเที่ยง | H104: FC หนองขรี | I104: ยังไม่อบรม | J104: จุมพล | K104: วีทัศน์ปราบเที่ยง | L104: ยังไม่อบรม
A105: 3168 | B105: 6-South | C105: บจ.พุนพินมาตรฐานคอนกรีต | D105: 1 | E105: 6B0054 | F105: นราศักดิ์ | G105: ไพนุศิลป์ | H105: FC หนองขรี | I105: ผ่าน | J105: จุมพล | K105: นราศักดิ์ไพนุศิลป์ | L105: 5
...

Sheet จบส.-Score
A1: กิจการ | B1: FCPLNO | C1: โรงงาน | D1: จำนวน จบส. | E1: อบรมแล้ว | F1: ยังไม่อบรม | G1: คะแนน | H1: Month
A2: 4-North | B2: FC045 | C2: ขาณุวรลักษบุรี | D2: =COUNTIF(รายชื่อจบส.!$A:$A,$B2) -> 2 | E2: =COUNTIFS(รายชื่อจบส.!$A:$A,$B2,รายชื่อจบส.!$I:$I,"ผ่าน") -> 0 | F2: =E2-D2 -> -2 | G2: =IF(AND(D2>0,F2=0,H2<=7),3,IF(AND(D2>0,F2=0,H2<=11),2,IF(AND(D2>0,F2=0,H2=12),1,0))) -> 0 | H2: =_xlfn.MAXIFS(รายชื่อจบส.!$L:$L,รายชื่อจบส.!$A:$A,$B2) -> 0
A3: 4-North | B3: FC067 | C3: ท่าตะโก | D3: =COUNTIF(รายชื่อจบส.!$A:$A,$B3) -> 4 | E3: =COUNTIFS(รายชื่อจบส.!$A:$A,$B3,รายชื่อจบส.!$I:$I,"ผ่าน") -> 2 | F3: =E3-D3 -> -2 | G3: =IF(AND(D3>0,F3=0,H3<=7),3,IF(AND(D3>0,F3=0,H3<=11),2,IF(AND(D3>0,F3=0,H3=12),1,0))) -> 0 | H3: =_xlfn.MAXIFS(รายชื่อจบส.!$L:$L,รายชื่อจบส.!$A:$A,$B3) -> 7
A4: 4-North | B4: FC289 | C4: คลองขลุง 2 | D4: =COUNTIF(รายชื่อจบส.!$A:$A,$B4) -> 2 | E4: =COUNTIFS(รายชื่อจบส.!$A:$A,$B4,รายชื่อจบส.!$I:$I,"ผ่าน") -> 1 | F4: =E4-D4 -> -1 | G4: =IF(AND(D4>0,F4=0,H4<=7),3,IF(AND(D4>0,F4=0,H4<=11),2,IF(AND(D4>0,F4=0,H4=12),1,0))) -> 0 | H4: =_xlfn.MAXIFS(รายชื่อจบส.!$L:$L,รายชื่อจบส.!$A:$A,$B4) -> 5
A5: 4-North | B5: FC382 | C5: หนองบัว 2 | D5: =COUNTIF(รายชื่อจบส.!$A:$A,$B5) -> 1 | E5: =COUNTIFS(รายชื่อจบส.!$A:$A,$B5,รายชื่อจบส.!$I:$I,"ผ่าน") -> 1 | F5: =E5-D5 -> 0 | G5: =IF(AND(D5>0,F5=0,H5<=7),3,IF(AND(D5>0,F5=0,H5<=11),2,IF(AND(D5>0,F5=0,H5=12),1,0))) -> 3 | H5: =_xlfn.MAXIFS(รายชื่อจบส.!$L:$L,รายชื่อจบส.!$A:$A,$B5) -> 7
A6: 4-North | B6: FC372 | C6: พญาเม็งราย (Type M) | D6: =COUNTIF(รายชื่อจบส.!$A:$A,$B6) -> 5 | E6: =COUNTIFS(รายชื่อจบส.!$A:$A,$B6,รายชื่อจบส.!$I:$I,"ผ่าน") -> 1 | F6: =E6-D6 -> -4 | G6: =IF(AND(D6>0,F6=0,H6<=7),3,IF(AND(D6>0,F6=0,H6<=11),2,IF(AND(D6>0,F6=0,H6=12),1,0))) -> 0 | H6: =_xlfn.MAXIFS(รายชื่อจบส.!$L:$L,รายชื่อจบส.!$A:$A,$B6) -> 3
A7: 4-North | B7: FC048 | C7: แม่สาย | D7: =COUNTIF(รายชื่อจบส.!$A:$A,$B7) -> 9 | E7: =COUNTIFS(รายชื่อจบส.!$A:$A,$B7,รายชื่อจบส.!$I:$I,"ผ่าน") -> 7 | F7: =E7-D7 -> -2 | G7: =IF(AND(D7>0,F7=0,H7<=7),3,IF(AND(D7>0,F7=0,H7<=11),2,IF(AND(D7>0,F7=0,H7=12),1,0))) -> 0 | H7: =_xlfn.MAXIFS(รายชื่อจบส.!$L:$L,รายชื่อจบส.!$A:$A,$B7) -> 9
A8: 4-North | B8: FC049 | C8: แม่จัน | D8: =COUNTIF(รายชื่อจบส.!$A:$A,$B8) -> 7 | E8: =COUNTIFS(รายชื่อจบส.!$A:$A,$B8,รายชื่อจบส.!$I:$I,"ผ่าน") -> 0 | F8: =E8-D8 -> -7 | G8: =IF(AND(D8>0,F8=0,H8<=7),3,IF(AND(D8>0,F8=0,H8<=11),2,IF(AND(D8>0,F8=0,H8=12),1,0))) -> 0 | H8: =_xlfn.MAXIFS(รายชื่อจบส.!$L:$L,รายชื่อจบส.!$A:$A,$B8) -> 0
A9: 4-North | B9: FC204 | C9: เชียงแสน | D9: =COUNTIF(รายชื่อจบส.!$A:$A,$B9) -> 6 | E9: =COUNTIFS(รายชื่อจบส.!$A:$A,$B9,รายชื่อจบส.!$I:$I,"ผ่าน") -> 0 | F9: =E9-D9 -> -6 | G9: =IF(AND(D9>0,F9=0,H9<=7),3,IF(AND(D9>0,F9=0,H9<=11),2,IF(AND(D9>0,F9=0,H9=12),1,0))) -> 0 | H9: =_xlfn.MAXIFS(รายชื่อจบส.!$L:$L,รายชื่อจบส.!$A:$A,$B9) -> 0
A10: 4-North | B10: 19FJ | C10: ลำปาง-ห้างฉัตร (Co-Area) | D10: =COUNTIF(รายชื่อจบส.!$A:$A,$B10) -> 2 | E10: =COUNTIFS(รายชื่อจบส.!$A:$A,$B10,รายชื่อจบส.!$I:$I,"ผ่าน") -> 1 | F10: =E10-D10 -> -1 | G10: =IF(AND(D10>0,F10=0,H10<=7),3,IF(AND(D10>0,F10=0,H10<=11),2,IF(AND(D10>0,F10=0,H10=12),1,0))) -> 0 | H10: =_xlfn.MAXIFS(รายชื่อจบส.!$L:$L,รายชื่อจบส.!$A:$A,$B10) -> 5
A11: 4-North | B11: FC194 | C11: พาน | D11: =COUNTIF(รายชื่อจบส.!$A:$A,$B11) -> 5 | E11: =COUNTIFS(รายชื่อจบส.!$A:$A,$B11,รายชื่อจบส.!$I:$I,"ผ่าน") -> 4 | F11: =E11-D11 -> -1 | G11: =IF(AND(D11>0,F11=0,H11<=7),3,IF(AND(D11>0,F11=0,H11<=11),2,IF(AND(D11>0,F11=0,H11=12),1,0))) -> 0 | H11: =_xlfn.MAXIFS(รายชื่อจบส.!$L:$L,รายชื่อจบส.!$A:$A,$B11) -> 4
A12: 4-North | B12: FC195 | C12: เวียงป่าเป้า | D12: =COUNTIF(รายชื่อจบส.!$A:$A,$B12) -> 2 | E12: =COUNTIFS(รายชื่อจบส.!$A:$A,$B12,รายชื่อจบส.!$I:$I,"ผ่าน") -> 2 | F12: =E12-D12 -> 0 | G12: =IF(AND(D12>0,F12=0,H12<=7),3,IF(AND(D12>0,F12=0,H12<=11),2,IF(AND(D12>0,F12=0,H12=12),1,0))) -> 3 | H12: =_xlfn.MAXIFS(รายชื่อจบส.!$L:$L,รายชื่อจบส.!$A:$A,$B12) -> 2
A13: 4-North | B13: FC247 | C13: แม่สรวย | D13: =COUNTIF(รายชื่อจบส.!$A:$A,$B13) -> 2 | E13: =COUNTIFS(รายชื่อจบส.!$A:$A,$B13,รายชื่อจบส.!$I:$I,"ผ่าน") -> 2 | F13: =E13-D13 -> 0 | G13: =IF(AND(D13>0,F13=0,H13<=7),3,IF(AND(D13>0,F13=0,H13<=11),2,IF(AND(D13>0,F13=0,H13=12),1,0))) -> 3 | H13: =_xlfn.MAXIFS(รายชื่อจบส.!$L:$L,รายชื่อจบส.!$A:$A,$B13) -> 5
... A82: 6-South | B82: FC040 | C82: เชี่ยวหลาน | D82: =COUNTIF(รายชื่อจบส.!$A:$A,$B82) -> 3 | E82: =COUNTIFS(รายชื่อจบส.!$A:$A,$B82,รายชื่อจบส.!$I:$I,"ผ่าน") -> 2 | F82: =E82-D82 -> -1 | G82: =IF(AND(D82>0,F82=0,H82<=7),3,IF(AND(D82>0,F82=0,H82<=11),2,IF(AND(D82>0,F82=0,H82=12),1,0))) -> 0 | H82: =_xlfn.MAXIFS(รายชื่อจบส.!$L:$L,รายชื่อจบส.!$A:$A,$B82) -> 4
A83: #N/A | B83: 3164 | C83: ปากน้ำชุมพร (N) | D83: =COUNTIF(รายชื่อจบส.!$A:$A,$B83) -> 13 | E83: =COUNTIFS(รายชื่อจบส.!$A:$A,$B83,รายชื่อจบส.!$I:$I,"ผ่าน") -> 1 | F83: =E83-D83 -> -12 | G83: =IF(AND(D83>0,F83=0,H83<=7),3,IF(AND(D83>0,F83=0,H83<=11),2,IF(AND(D83>0,F83=0,H83=12),1,0))) -> 0 | H83: =_xlfn.MAXIFS(รายชื่อจบส.!$L:$L,รายชื่อจบส.!$A:$A,$B83) -> 5
A84: 6-South | B84: FC287 | C84: มาบอำมฤต | D84: =COUNTIF(รายชื่อจบส.!$A:$A,$B84) -> 9 | E84: =COUNTIFS(รายชื่อจบส.!$A:$A,$B84,รายชื่อจบส.!$I:$I,"ผ่าน") -> 2 | F84: =E84-D84 -> -7 | G84: =IF(AND(D84>0,F84=0,H84<=7),3,IF(AND(D84>0,F84=0,H84<=11),2,IF(AND(D84>0,F84=0,H84=12),1,0))) -> 0 | H84: =_xlfn.MAXIFS(รายชื่อจบส.!$L:$L,รายชื่อจบส.!$A:$A,$B84) -> 8
A85: 6-South | B85: FC282 | C85: ระนอง | D85: =COUNTIF(รายชื่อจบส.!$A:$A,$B85) -> 6 | E85: =COUNTIFS(รายชื่อจบส.!$A:$A,$B85,รายชื่อจบส.!$I:$I,"ผ่าน") -> 2 | F85: =E85-D85 -> -4 | G85: =IF(AND(D85>0,F85=0,H85<=7),3,IF(AND(D85>0,F85=0,H85<=11),2,IF(AND(D85>0,F85=0,H85=12),1,0))) -> 0 | H85: =_xlfn.MAXIFS(รายชื่อจบส.!$L:$L,รายชื่อจบส.!$A:$A,$B85) -> 5
A86: 6-South | B86: FC129 | C86: ทุ่งใหญ่ | D86: =COUNTIF(รายชื่อจบส.!$A:$A,$B86) -> 5 | E86: =COUNTIFS(รายชื่อจบส.!$A:$A,$B86,รายชื่อจบส.!$I:$I,"ผ่าน") -> 5 | F86: =E86-D86 -> 0 | G86: =IF(AND(D86>0,F86=0,H86<=7),3,IF(AND(D86>0,F86=0,H86<=11),2,IF(AND(D86>0,F86=0,H86=12),1,0))) -> 3 | H86: =_xlfn.MAXIFS(รายชื่อจบส.!$L:$L,รายชื่อจบส.!$A:$A,$B86) -> 5
A87: 6-South | B87: FC253 | C87: นาสาร | D87: =COUNTIF(รายชื่อจบส.!$A:$A,$B87) -> 6 | E87: =COUNTIFS(รายชื่อจบส.!$A:$A,$B87,รายชื่อจบส.!$I:$I,"ผ่าน") -> 5 | F87: =E87-D87 -> -1 | G87: =IF(AND(D87>0,F87=0,H87<=7),3,IF(AND(D87>0,F87=0,H87<=11),2,IF(AND(D87>0,F87=0,H87=12),1,0))) -> 0 | H87: =_xlfn.MAXIFS(รายชื่อจบส.!$L:$L,รายชื่อจบส.!$A:$A,$B87) -> 5
A88: 6-South | B88: FC295 | C88: บางสวรรค์ 3 | D88: =COUNTIF(รายชื่อจบส.!$A:$A,$B88) -> 4 | E88: =COUNTIFS(รายชื่อจบส.!$A:$A,$B88,รายชื่อจบส.!$I:$I,"ผ่าน") -> 0 | F88: =E88-D88 -> -4 | G88: =IF(AND(D88>0,F88=0,H88<=7),3,IF(AND(D88>0,F88=0,H88<=11),2,IF(AND(D88>0,F88=0,H88=12),1,0))) -> 0 | H88: =_xlfn.MAXIFS(รายชื่อจบส.!$L:$L,รายชื่อจบส.!$A:$A,$B88) -> 0
A89: 6-South | B89: FC356 | C89: นาสาร 2 | D89: =COUNTIF(รายชื่อจบส.!$A:$A,$B89) -> 0 | E89: =COUNTIFS(รายชื่อจบส.!$A:$A,$B89,รายชื่อจบส.!$I:$I,"ผ่าน") -> 0 | F89: =E89-D89 -> 0 | G89: =IF(AND(D89>0,F89=0,H89<=7),3,IF(AND(D89>0,F89=0,H89<=11),2,IF(AND(D89>0,F89=0,H89=12),1,0))) -> 0 | H89: =_xlfn.MAXIFS(รายชื่อจบส.!$L:$L,รายชื่อจบส.!$A:$A,$B89) -> 0
A90: 6-South | B90: FC396 | C90: เวียงสระ | D90: =COUNTIF(รายชื่อจบส.!$A:$A,$B90) -> 5 | E90: =COUNTIFS(รายชื่อจบส.!$A:$A,$B90,รายชื่อจบส.!$I:$I,"ผ่าน") -> 4 | F90: =E90-D90 -> -1 | G90: =IF(AND(D90>0,F90=0,H90<=7),3,IF(AND(D90>0,F90=0,H90<=11),2,IF(AND(D90>0,F90=0,H90=12),1,0))) -> 0 | H90: =_xlfn.MAXIFS(รายชื่อจบส.!$L:$L,รายชื่อจบส.!$A:$A,$B90) -> 5
A91: 6-South | B91: FC127 | C91: ปัตตานี | D91: =COUNTIF(รายชื่อจบส.!$A:$A,$B91) -> 10 | E91: =COUNTIFS(รายชื่อจบส.!$A:$A,$B91,รายชื่อจบส.!$I:$I,"ผ่าน") -> 8 | F91: =E91-D91 -> -2 | G91: =IF(AND(D91>0,F91=0,H91<=7),3,IF(AND(D91>0,F91=0,H91<=11),2,IF(AND(D91>0,F91=0,H91=12),1,0))) -> 0 | H91: =_xlfn.MAXIFS(รายชื่อจบส.!$L:$L,รายชื่อจบส.!$A:$A,$B91) -> 4
A92: 6-South | B92: FC166 | C92: บ่อทอง | D92: =COUNTIF(รายชื่อจบส.!$A:$A,$B92) -> 6 | E92: =COUNTIFS(รายชื่อจบส.!$A:$A,$B92,รายชื่อจบส.!$I:$I,"ผ่าน") -> 5 | F92: =E92-D92 -> -1 | G92: =IF(AND(D92>0,F92=0,H92<=7),3,IF(AND(D92>0,F92=0,H92<=11),2,IF(AND(D92>0,F92=0,H92=12),1,0))) -> 0 | H92: =_xlfn.MAXIFS(รายชื่อจบส.!$L:$L,รายชื่อจบส.!$A:$A,$B92) -> 4
A93: 6-South | B93: 3165 | C93: ผาหลวงคอนกรีต (N) | D93: =COUNTIF(รายชื่อจบส.!$A:$A,$B93) -> 4 | E93: =COUNTIFS(รายชื่อจบส.!$A:$A,$B93,รายชื่อจบส.!$I:$I,"ผ่าน") -> 1 | F93: =E93-D93 -> -3 | G93: =IF(AND(D93>0,F93=0,H93<=7),3,IF(AND(D93>0,F93=0,H93<=11),2,IF(AND(D93>0,F93=0,H93=12),1,0))) -> 0 | H93: =_xlfn.MAXIFS(รายชื่อจบส.!$L:$L,รายชื่อจบส.!$A:$A,$B93) -> 10
A94: 6-South | B94: 3166 | C94: ผาหลวง 2(N) | D94: =COUNTIF(รายชื่อจบส.!$A:$A,$B94) -> 2 | E94: =COUNTIFS(รายชื่อจบส.!$A:$A,$B94,รายชื่อจบส.!$I:$I,"ผ่าน") -> 2 | F94: =E94-D94 -> 0 | G94: =IF(AND(D94>0,F94=0,H94<=7),3,IF(AND(D94>0,F94=0,H94<=11),2,IF(AND(D94>0,F94=0,H94=12),1,0))) -> 2 | H94: =_xlfn.MAXIFS(รายชื่อจบส.!$L:$L,รายชื่อจบส.!$A:$A,$B94) -> 10
A95: 6-South | B95: FC072 | C95: สิงหนคร | D95: =COUNTIF(รายชื่อจบส.!$A:$A,$B95) -> 7 | E95: =COUNTIFS(รายชื่อจบส.!$A:$A,$B95,รายชื่อจบส.!$I:$I,"ผ่าน") -> 4 | F95: =E95-D95 -> -3 | G95: =IF(AND(D95>0,F95=0,H95<=7),3,IF(AND(D95>0,F95=0,H95<=11),2,IF(AND(D95>0,F95=0,H95=12),1,0))) -> 0 | H95: =_xlfn.MAXIFS(รายชื่อจบส.!$L:$L,รายชื่อจบส.!$A:$A,$B95) -> 3
... A288: 5-NorthEast | B288: FC405 | C288: FC พังโคน 2 | D288: =COUNTIF(รายชื่อจบส.!$A:$A,$B288) -> 2 | E288: =COUNTIFS(รายชื่อจบส.!$A:$A,$B288,รายชื่อจบส.!$I:$I,"ผ่าน") -> 2 | F288: =E288-D288 -> 0 | G288: =IF(AND(D288>0,F288=0,H288<=7),3,IF(AND(D288>0,F288=0,H288<=11),2,IF(AND(D288>0,F288=0,H288=12),1,0))) -> 2 | H288: =_xlfn.MAXIFS(รายชื่อจบส.!$L:$L,รายชื่อจบส.!$A:$A,$B288) -> 8

Sheet จบส.ไม่มี
A1: รหัสโรงงาน | B1: REGION | C1: บจก./หจก. | D1: ลำดับ | E1: รหัส | F1: ชื่อภาษาไทย | G1: นามสกุลภาษาไทย | H1: โรงงาน | I1: Status | J1: TEAM | K1: ชื่อ-นามสกุล | L1: เดือนที่อบรม
A2: FC360 | B2: 4-North | C2: หจก.เกษมชัยพานิช | D2: 1 | E2: VE0007 | F2: นายชัยอรุณ | G2: ต้องใจ | H2: วังเหนือ | I2: ยังไม่อบรม | J2: ชัยณรงค์ | K2: นายชัยอรุณต้องใจ | L2: ยังไม่อบรม
A3: FC348 | B3: 4-North | C3: หจก.ที เอ็น ดับเบิ้ลยู เชียงดาวก่อสร้าง | D3: 1 | E3: UX0023 | F3: ไสว | G3: จะงาม | H3: เชียงดาว | I3: ยังไม่อบรม | J3: เสฎฐวุฒิ | K3: ไสวจะงาม | L3: ยังไม่อบรม
