Workbook
Name Datalist: OFFSET('[2]Data-CPAC'!$A$1,0,0,COUNTA('[2]Data-CPAC'!$A:$A),COUNTA('[2]Data-CPAC'!$1:$1))
Name DAYS: [1]ข้อมูล!$J$12:$L$198
Name Summary: [1]ข้อมูล!$BD$3

Sheet L1L2
I1: ทดสอบปฏิบัติ พนง.โยธา
H2: ทดสอบทฤษฎีระดับพื้นฐานพนักงานผลิต(L1) | I2: ทดสอบปฏิบัติระดับพื้นฐานพนักงานผลิต(L1) | J2: ทดสอบทฤษฎีระดับสามัญพนักงานผลิต(L2) | K2: ทดสอบปฏิบัติระดับสามัญพนักงานผลิต(L2)
B3: เอาข้อมูลจาก BLUENET มาวาง ต้อง Pivot มาวางเพราะชื่อซ้ำ | H3: หลักสูตรอบรม | R3: UPDATE
A4: กิจการ | B4: รหัสพนักงาน | C4: ชื่อ - นามสกุล | D4: Franchisee | E4: โรงงาน | F4: ตำแหน่ง | G4: อายุงาน (ปี) | H4: ทฤษฎีระดับพื้นฐาน(L1) | I4: ปฏิบัติระดับพื้นฐาน(L1) | J4: ทฤษฎีระดับสามัญ(L2) | K4: ปฏิบัติระดับสามัญ(L2) | L4: จำนวนหลักสูตรที่ผ่าน | M4: รหัสโรงงาน | N4: ชื่อโรงงาน | O4: หจก./บจก. | P4: ทีมงาน | Q4: เปิด/ปิด | R4: 7 sep.
A5: 2-East | B5: FR002005 | C5: ประชา มนตรี | D5: FR002 : บจก.สหชัยธุรกิจก่อสร้าง 1993 | E5: FC046 : วังม่วง | F5: พนักงานบริการโรงงาน | G5: 24 | H5: ผ่าน | I5: ผ่าน | J5: ผ่าน | K5: ผ่าน | L5: ผ่าน | M5: FC046 | N5: วังม่วง | O5: บจก.สหชัยธุรกิจก่อสร้าง 1993 | P5: อดิเรก | Q5: A
A6: 2-East | B6: FR002008 | C6: กัมปนาท พุ่มบ้านเซ่า | D6: FR002 : บจก.สหชัยธุรกิจก่อสร้าง 1993 | E6: FC139 : คลอง 11 | F6: พนักงานผลิต | G6: 15 | H6: ผ่าน | I6: ผ่าน | J6: ผ่าน | K6: ผ่าน | L6: ผ่าน | M6: FC139 | N6: คลอง 11 | O6: บจก.สหชัยธุรกิจก่อสร้าง 1993 | P6: ประสิทธิ์ | Q6: A
A7: 2-East | B7: FR002011 | C7: สันติ นุงกระโทก | D7: FR002 : บจก.สหชัยธุรกิจก่อสร้าง 1993 | E7: FC095 : มวกเหล็ก | F7: พนักงานผลิต | G7: 14 | H7: ผ่าน | I7: ผ่าน | J7: ผ่าน | K7: ผ่าน | L7: ผ่าน | M7: FC095 | N7: มวกเหล็ก | O7: บจก.สหชัยธุรกิจก่อสร้าง 1993 | P7: อดิเรก | Q7: A
A8: 2-East | B8: FR002018 | C8: ฉัตรชัย ฟองลม | D8: FR002 : บจก.สหชัยธุรกิจก่อสร้าง 1993 | E8: FC046 : วังม่วง | F8: พ.บริการงานผลิต(QC) | G8: 10 | H8: ผ่าน | I8: ผ่าน | J8: ผ่าน | K8: ผ่าน | L8: ผ่าน | M8: FC046 | N8: วังม่วง | O8: บจก.สหชัยธุรกิจก่อสร้าง 1993 | P8: อดิเรก | Q8: A
A9: 2-East | B9: FR002024 | C9: ปรางทอง งามเนตร | D9: FR002 : บจก.สหชัยธุรกิจก่อสร้าง 1993 | E9: FC046 : วังม่วง | F9: พนักงานผลิต | G9: 10 | H9: ผ่าน | I9: ผ่าน | J9: ผ่าน | K9: ผ่าน | L9: ผ่าน | M9: FC046 | N9: วังม่วง | O9: บจก.สหชัยธุรกิจก่อสร้าง 1993 | P9: อดิเรก | Q9: A
A10: 2-East | B10: FR002025 | C10: ชาญวิทย์ วงษา | D10: FR002 : บจก.สหชัยธุรกิจก่อสร้าง 1993 | E10: FC095 : มวกเหล็ก | F10: พนักงานบริการโรงงาน | G10: 24 | H10: ไม่ผ่าน | I10: ไม่ผ่าน | J10: ไม่ผ่าน | K10: ไม่ผ่าน | L10: ไม่ผ่าน | M10: FC095 | N10: มวกเหล็ก | O10: บจก.สหชัยธุรกิจก่อสร้าง 1993 | P10: อดิเรก | Q10: A
A11: 2-East | B11: FR002027 | C11: ขจรศักดิ์ ผิวขำ | D11: FR002 : บจก.สหชัยธุรกิจก่อสร้าง 1993 | E11: FC175 : พัฒนานิคม | F11: พนักงานผลิต | G11: 10 | H11: ผ่าน | I11: ผ่าน | J11: ผ่าน | K11: ผ่าน | L11: ผ่าน | M11: FC175 | N11: พัฒนานิคม | O11: บจก.สหชัยธุรกิจก่อสร้าง 1993 | P11: อดิเรก | Q11: A
A12: 2-East | B12: FR002029 | C12: สุพกิจ เกตุยา | D12: FR002 : บจก.สหชัยธุรกิจก่อสร้าง 1993 | E12: FC175 : พัฒนานิคม | F12: พนักงานบริการโรงงาน | G12: 18 | H12: ไม่ผ่าน | I12: ไม่ผ่าน | J12: ไม่ผ่าน | K12: ไม่ผ่าน | L12: ไม่ผ่าน | M12: FC175 | N12: พัฒนานิคม | O12: บจก.สหชัยธุรกิจก่อสร้าง 1993 | P12: อดิเรก | Q12: A
A13: 2-East | B13: FR002030 | C13: กฤษฎา หมื่นอาจ | D13: FR002 : บจก.สหชัยธุรกิจก่อสร้าง 1993 | E13: FC046 : วังม่วง | F13: พนักงานผลิต | G13: 4 | H13: ผ่าน | I13: ผ่าน | J13: ผ่าน | K13: ผ่าน | L13: ผ่าน | M13: FC046 | N13: วังม่วง | O13: บจก.สหชัยธุรกิจก่อสร้าง 1993 | P13: อดิเรก | Q13: A
A14: 2-East | B14: FR002031 | C14: ยุทธนา พิมพา | D14: FR002 : บจก.สหชัยธุรกิจก่อสร้าง 1993 | E14: FC175 : พัฒนานิคม | F14: พ.บริการงานผลิต(QC) | G14: 4 | H14: ผ่าน | I14: ผ่าน | J14: ผ่าน | K14: ผ่าน | L14: ผ่าน | M14: FC175 | N14: พัฒนานิคม | O14: บจก.สหชัยธุรกิจก่อสร้าง 1993 | P14: อดิเรก | Q14: A
A15: 2-East | B15: FR002032 | C15: ชัยวัฒน์ สามารถ | D15: FR002 : บจก.สหชัยธุรกิจก่อสร้าง 1993 | E15: FC046 : วังม่วง | F15: พ.บริการงานผลิต(QC) | G15: 4 | H15: ผ่าน | I15: ผ่าน | J15: ผ่าน | K15: ผ่าน | L15: ผ่าน | M15: FC139 | N15: คลอง 11 | O15: บจก.สหชัยธุรกิจก่อสร้าง 1993 | P15: อดิเรก | Q15: A
A16: 2-East | B16: FR002033 | C16: บุญเกิด คำแสน | D16: FR002 : บจก.สหชัยธุรกิจก่อสร้าง 1993 | E16: FC095 : มวกเหล็ก | F16: พนักงานผลิต | G16: 4 | H16: ผ่าน | I16: ผ่าน | J16: ผ่าน | K16: ผ่าน | L16: ผ่าน | M16: FC095 | N16: มวกเหล็ก | O16: บจก.สหชัยธุรกิจก่อสร้าง 1993 | P16: อดิเรก | Q16: A
... A24: 2-East | B24: FR002042 | C24: นันทิวร วันนา | D24: FR002 : บจก.สหชัยธุรกิจก่อสร้าง 1993 | E24: FC175 : พัฒนานิคม | F24: พ.บริการผลิต(โยธา) | G24: 1 | H24: ไม่ต้องสอบ | I24: ผ่าน | J24: ไม่ต้องสอบ | K24: ไม่ต้องสอบ | L24: ผ่าน | M24: FC175 | N24: พัฒนานิคม | O24: บจก.สหชัยธุรกิจก่อสร้าง 1993 | P24: อดิเรก | Q24: A
A25: 0 | B25: FR003001 | C25: อุดมชัย รุชะดา | D25: FR003 : บจก.ศุภภัณฑ์คอนกรีต | E25: FC215 : ดาวเรือง 2 | F25: พนักงานผลิต | G25: 15 | H25: ผ่าน | I25: ผ่าน | J25: ผ่าน | K25: ผ่าน | L25: ผ่าน | M25: FC215 | N25: FC215 : ดาวเรือง 2 | O25: 0 | P25: 0 | Q25: C
A26: 0 | B26: FR003002 | C26: สุรศักดิ์ ฉิมทอง | D26: FR003 : บจก.ศุภภัณฑ์คอนกรีต | E26: FC215 : ดาวเรือง 2 | F26: พนักงานผลิต | G26: 12 | H26: ผ่าน | I26: ผ่าน | J26: ผ่าน | K26: ผ่าน | L26: ผ่าน | M26: FC215 | N26: FC215 : ดาวเรือง 2 | O26: 0 | P26: 0 | Q26: C
A27: 0 | B27: FR003003 | C27: ธีระวุฒิ พูลทวี | D27: FR003 : บจก.ศุภภัณฑ์คอนกรีต | E27: FC215 : ดาวเรือง 2 | F27: พ.บริการงานผลิต(QC) | G27: 12 | H27: ผ่าน | I27: ผ่าน | J27: ผ่าน | K27: ผ่าน | L27: ผ่าน | M27: FC215 | N27: FC215 : ดาวเรือง 2 | O27: 0 | P27: 0 | Q27: C
A28: 2-East | B28: FR003005 | C28: สรัญญู สีหาโหวด | D28: FR003 : บจก.ศุภภัณฑ์คอนกรีต | E28: FC111 : ดาวเรือง | F28: พนักงานผลิต | G28: 19 | H28: ผ่าน | I28: ผ่าน | J28: ผ่าน | K28: ผ่าน | L28: ผ่าน | M28: FC111 | N28: ดาวเรือง 1 | O28: บจก.ศุภภัณฑ์คอนกรีต | P28: อดิเรก | Q28: A
A29: 2-East | B29: FR003006 | C29: อภิชาติ เดชเสน | D29: FR003 : บจก.ศุภภัณฑ์คอนกรีต | E29: FC111 : ดาวเรือง | F29: พนักงานผลิต | G29: 12 | H29: ผ่าน | I29: ผ่าน | J29: ผ่าน | K29: ผ่าน | L29: ผ่าน | M29: FC111 | N29: ดาวเรือง 1 | O29: บจก.ศุภภัณฑ์คอนกรีต | P29: อดิเรก | Q29: A
A30: 2-East | B30: FR003007 | C30: ปณิธาน พันธ์แก้ว | D30: FR003 : บจก.ศุภภัณฑ์คอนกรีต | E30: FC111 : ดาวเรือง | F30: พ.บริการงานผลิต(QC) | G30: 12 | H30: ผ่าน | I30: ผ่าน | J30: ผ่าน | K30: ผ่าน | L30: ผ่าน | M30: FC111 | N30: ดาวเรือง 1 | O30: บจก.ศุภภัณฑ์คอนกรีต | P30: อดิเรก | Q30: A
A31: 3-West | B31: FR004002 | C31: รุจิภาส บุญยิ้ม | D31: FR004 : หจก.งามยิ่งเจริญคอนกรีต | E31: FC197 : สรรคบุรี | F31: พ.บริการผลิต(โยธา) | G31: 16 | H31: ไม่ต้องสอบ | I31: ผ่าน | J31: ไม่ต้องสอบ | K31: ไม่ต้องสอบ | L31: ผ่าน | M31: FC197 | N31: สรรคบุรี | O31: หจก.งามยิ่งเจริญคอนกรีต | P31: สามารถ | Q31: A
A32: 2-East | B32: FR004003 | C32: โชคชัย งามวิจิตรอร่าม | D32: FR004 : หจก.งามยิ่งเจริญคอนกรีต | E32: FC015 : บ้านหมี่ | F32: ผู้จัดการโรงงาน | G32: 25 | H32: ไม่ต้องสอบ | I32: ไม่ต้องสอบ | J32: ไม่ต้องสอบ | K32: ไม่ต้องสอบ | L32: ผ่าน | M32: FC015 | N32: บ้านหมี่ | O32: หจก.งามยิ่งเจริญคอนกรีต | P32: อดิเรก | Q32: A
A33: 2-East | B33: FR004004 | C33: วงศ์วรรณรักษ์ ดวงอินทร์ | D33: FR004 : หจก.งามยิ่งเจริญคอนกรีต | E33: FC015 : บ้านหมี่ | F33: พนักงานผลิต | G33: 24 | H33: ผ่าน | I33: ผ่าน | J33: ผ่าน | K33: ผ่าน | L33: ผ่าน | M33: FC015 | N33: บ้านหมี่ | O33: หจก.งามยิ่งเจริญคอนกรีต | P33: อดิเรก | Q33: A
A34: 2-East | B34: FR004005 | C34: พงศกร นาคกุล | D34: FR004 : หจก.งามยิ่งเจริญคอนกรีต | E34: FC015 : บ้านหมี่ | F34: พ.บริการผลิต(โยธา) | G34: 10 | H34: ไม่ต้องสอบ | I34: ผ่าน | J34: ไม่ต้องสอบ | K34: ไม่ต้องสอบ | L34: ผ่าน | M34: FC015 | N34: บ้านหมี่ | O34: หจก.งามยิ่งเจริญคอนกรีต | P34: อดิเรก | Q34: A
A35: 3-West | B35: FR004006 | C35: ชลธิดา ปึ่งประกายศรี | D35: FR004 : หจก.งามยิ่งเจริญคอนกรีต | E35: FC197 : สรรคบุรี | F35: พนักงานผลิต | G35: 9 | H35: ผ่าน | I35: ผ่าน | J35: ผ่าน | K35: ผ่าน | L35: ผ่าน | M35: FC197 | N35: สรรคบุรี | O35: หจก.งามยิ่งเจริญคอนกรีต | P35: สามารถ | Q35: A
A36: 3-West | B36: FR004007 | C36: นายอภินันท์ ชูชัย | D36: FR004 : หจก.งามยิ่งเจริญคอนกรีต | E36: FC197 : สรรคบุรี | F36: พ.บริการผลิต(โยธา) | G36: 0 | H36: ไม่ต้องสอบ | I36: ผ่าน | J36: ไม่ต้องสอบ | K36: ไม่ต้องสอบ | L36: ผ่าน | M36: FC197 | N36: สรรคบุรี | O36: หจก.งามยิ่งเจริญคอนกรีต | P36: สามารถ | Q36: A
A37: 2-East | B37: FR005002 | C37: ชัชวาลย์ น้อยใหญ่ | D37: FR005 : บจก.นิธิศพันธ์ | E37: FC013 : ลำนารายณ์ | F37: พนักงานผลิต | G37: 17 | H37: ผ่าน | I37: ผ่าน | J37: ผ่าน | K37: ผ่าน | L37: ผ่าน | M37: FC013 | N37: ลำนารายณ์ | O37: บจก.นิธิศพันธ์ | P37: อดิเรก | Q37: A
A38: 2-East | B38: FR005003 | C38: ทรงยศ เกษทอง | D38: FR005 : บจก.นิธิศพันธ์ | E38: FC013 : ลำนารายณ์ | F38: พ.บริการงานผลิต(QC) | G38: 12 | H38: ผ่าน | I38: ผ่าน | J38: ผ่าน | K38: ผ่าน | L38: ผ่าน | M38: FC013 | N38: ลำนารายณ์ | O38: บจก.นิธิศพันธ์ | P38: อดิเรก | Q38: A
A39: 2-East | B39: FR005006 | C39: ราชัญ หรบรรณ์ | D39: FR005 : บจก.นิธิศพันธ์ | E39: FC013 : ลำนารายณ์ | F39: พ.บริการผลิต(โยธา) | G39: 0 | H39: ไม่ต้องสอบ | I39: ผ่าน | J39: ไม่ต้องสอบ | K39: ไม่ต้องสอบ | L39: ผ่าน | M39: FC013 | N39: ลำนารายณ์ | O39: บจก.นิธิศพันธ์ | P39: อดิเรก | Q39: A
... A139: 3-West | B139: FR017015 | C139: อัทธวัจน์ ต๊ะอินทร์ | D139: FR017 : บจก.ต.แสงพัฒนาคอนกรีต | E139: FC142 : บางปลาม้า | F139: พ.บริการงานผลิต(QC) | G139: 9 | H139: ผ่าน | I139: ผ่าน | J139: ผ่าน | K139: ผ่าน | L139: ผ่าน | M139: FC142 | N139: บางปลาม้า | O139: บจก.ต.แสงพัฒนาคอนกรีต | P139: สามารถ | Q139: A
A140: 0 | B140: FR018001 | C140: นพพล ลวรรณวงษ์ | D140: FR018 : บจก.ซี.พี.เอส.คอนกรีต | E140: FC093 : สามชุก | F140: พนักงานผลิต | G140: 19 | H140: ผ่าน | I140: ผ่าน | J140: ผ่าน | K140: ผ่าน | L140: ผ่าน | M140: FC093 | N140: FC093 : สามชุก | O140: 0 | P140: 0 | Q140: C
A141: 0 | B141: FR018004 | C141: วีรศักดิ์ รอดห้อย | D141: FR018 : บจก.ซี.พี.เอส.คอนกรีต | E141: FC093 : สามชุก | F141: พ.บริการงานผลิต(QC) | G141: 10 | H141: ผ่าน | I141: ผ่าน | J141: ผ่าน | K141: ผ่าน | L141: ผ่าน | M141: FC093 | N141: FC093 : สามชุก | O141: 0 | P141: 0 | Q141: C
A142: 0 | B142: FR018006 | C142: วินัย คล้ายขำ | D142: FR018 : บจก.ซี.พี.เอส.คอนกรีต | E142: FC093 : สามชุก | F142: พ.บริการผลิต(โยธา) | G142: 9 | H142: ไม่ต้องสอบ | I142: ผ่าน | J142: ไม่ต้องสอบ | K142: ไม่ต้องสอบ | L142: ผ่าน | M142: FC093 | N142: FC093 : สามชุก | O142: 0 | P142: 0 | Q142: C
A143: 0 | B143: FR018007 | C143: ธวัชชัย ช่อผกา | D143: FR018 : บจก.ซี.พี.เอส.คอนกรีต | E143: FC093 : สามชุก | F143: พ.บริการงานผลิต(QC) | G143: 9 | H143: ผ่าน | I143: ผ่าน | J143: ผ่าน | K143: ผ่าน | L143: ผ่าน | M143: FC093 | N143: FC093 : สามชุก | O143: 0 | P143: 0 | Q143: C
A144: 3-West | B144: FR019001 | C144: ยอดชาย น้ำพระทัย | D144: FR019 : บจก.กอวัฒนาคอนกรีต | E144: FC070 : ท่ามะกา | F144: พนักงานบริการโรงงาน | G144: 27 | H144: ผ่าน | I144: ผ่าน | J144: ผ่าน | K144: ผ่าน | L144: ผ่าน | M144: FC070 | N144: ท่ามะกา | O144: บจก.กอวัฒนาคอนกรีต | P144: เอกพล | Q144: A
A145: 3-West | B145: FR019002 | C145: ภาณุพงศ์ สวยล้ำ | D145: FR019 : บจก.กอวัฒนาคอนกรีต | E145: FC070 : ท่ามะกา | F145: พ.บริการผลิต(Operator) | G145: 13 | H145: ผ่าน | I145: ผ่าน | J145: ผ่าน | K145: ผ่าน | L145: ผ่าน | M145: FC070 | N145: ท่ามะกา | O145: บจก.กอวัฒนาคอนกรีต | P145: เอกพล | Q145: A
A146: 3-West | B146: FR019005 | C146: ศรราม จินดากุลย์ | D146: FR019 : บจก.กอวัฒนาคอนกรีต | E146: FC254 : พนมทวน | F146: พนักงานบริการโรงงาน | G146: 11 | H146: ผ่าน | I146: ผ่าน | J146: ผ่าน | K146: ผ่าน | L146: ผ่าน | M146: FC254 | N146: พนมทวน | O146: บจก.กอวัฒนาคอนกรีต | P146: เอกพล | Q146: A
A147: 3-West | B147: FR019010 | C147: อำนาจ ชนะภัย | D147: FR019 : บจก.กอวัฒนาคอนกรีต | E147: FC397 : FC ท่าม่วง | F147: พ.บริการผลิต(Operator) | G147: 2 | H147: ผ่าน | I147: ผ่าน | J147: ผ่าน | K147: ผ่าน | L147: ผ่าน | M147: FC397 | N147: ท่าม่วง | O147: บจก.กอวัฒนาคอนกรีต | P147: เอกพล | Q147: A
A148: 3-West | B148: FR019011 | C148: ภาณุพงษ์ สวยล้ำ | D148: FR019 : บจก.กอวัฒนาคอนกรีต | E148: FC397 : FC ท่าม่วง | F148: พ.บริการผลิต(Operator) | G148: 13 | H148: ไม่ผ่าน | I148: ไม่ผ่าน | J148: ไม่ผ่าน | K148: ไม่ผ่าน | L148: ไม่ผ่าน | M148: FC397 | N148: ท่าม่วง | O148: บจก.กอวัฒนาคอนกรีต | P148: เอกพล | Q148: A
A149: 3-West | B149: FR019012 | C149: สุวิทย์ มิกี้ | D149: FR019 : บจก.กอวัฒนาคอนกรีต | E149: FC369 : FC กาญจนบุรี 2 | F149: พ.บริการผลิต(Operator) | G149: 7 | H149: ผ่าน | I149: ผ่าน | J149: ผ่าน | K149: ผ่าน | L149: ผ่าน | M149: FC369 | N149: กาญจนบุรี 2 | O149: บจก.กอวัฒนาคอนกรีต | P149: เอกพล | Q149: A
A150: 3-West | B150: FR019013 | C150: เนวืน ชื่นอารมย์ | D150: FR019 : บจก.กอวัฒนาคอนกรีต | E150: FC369 : FC กาญจนบุรี 2 | F150: พ.บริการผลิต(โยธา) | G150: 3 | H150: ไม่ต้องสอบ | I150: ผ่าน | J150: ไม่ต้องสอบ | K150: ไม่ต้องสอบ | L150: ผ่าน | M150: FC369 | N150: กาญจนบุรี 2 | O150: บจก.กอวัฒนาคอนกรีต | P150: เอกพล | Q150: A
A151: 3-West | B151: FR019014 | C151: สมปอง หงษ์อินทร์ | D151: FR019 : บจก.กอวัฒนาคอนกรีต | E151: FC070 : ท่ามะกา | F151: พ.บริการงานผลิต(QC) | G151: 3 | H151: ผ่าน | I151: ผ่าน | J151: ผ่าน | K151: ผ่าน | L151: ผ่าน | M151: FC070 | N151: ท่ามะกา | O151: บจก.กอวัฒนาคอนกรีต | P151: เอกพล | Q151: A
A152: 3-West | B152: FR019015 | C152: เนติพงษ์ สวยล้ำ | D152: FR019 : บจก.กอวัฒนาคอนกรีต | E152: FC070 : ท่ามะกา | F152: พ.บริการผลิต(Operator) | G152: 9 | H152: ผ่าน | I152: ผ่าน | J152: ผ่าน | K152: ผ่าน | L152: ผ่าน | M152: FC254 | N152: พนมทวน | O152: บจก.กอวัฒนาคอนกรีต | P152: เอกพล | Q152: A
A153: 3-West | B153: FR019016 | C153: เกดิษฐ์ แก้วอิน | D153: FR019 : บจก.กอวัฒนาคอนกรีต | E153: FC397 : FC ท่าม่วง | F153: พ.บริการงานผลิต(QC) | G153: 2 | H153: ผ่าน | I153: ผ่าน | J153: ผ่าน | K153: ผ่าน | L153: ผ่าน | M153: FC397 | N153: ท่าม่วง | O153: บจก.กอวัฒนาคอนกรีต | P153: เอกพล | Q153: A
A154: 3-West | B154: FR019017 | C154: พิพัฒน์ สมพันธ์ | D154: FR019 : บจก.กอวัฒนาคอนกรีต | E154: FC254 : พนมทวน | F154: พ.บริการผลิต(Operator) | G154: 9 | H154: ผ่าน | I154: ผ่าน | J154: ผ่าน | K154: ผ่าน | L154: ผ่าน | M154: FC254 | N154: พนมทวน | O154: บจก.กอวัฒนาคอนกรีต | P154: เอกพล | Q154: A
A155: 3-West | B155: FR019018 | C155: มานะ รุ่งสว่าง | D155: FR019 : บจก.กอวัฒนาคอนกรีต | E155: FC369 : FC กาญจนบุรี 2 | F155: พ.บริการงานผลิต(QC) | G155: 2 | H155: ผ่าน | I155: ผ่าน | J155: ผ่าน | K155: ผ่าน | L155: ผ่าน | M155: FC369 | N155: กาญจนบุรี 2 | O155: บจก.กอวัฒนาคอนกรีต | P155: เอกพล | Q155: A
... A162: 3-West | B162: FR022002 | C162: ชาติชาย เครือเอม | D162: FR022 : หจก.ร่อนทองชัย | E162: FC009 : ประจวบคีรีขันธ์ | F162: พ.บริการงานผลิต(QC) | G162: 18 | H162: ผ่าน | I162: ผ่าน | J162: ผ่าน | K162: ผ่าน | L162: ผ่าน | M162: FC009 | N162: ประจวบคีรีขันธ์ | O162: หจก.ร่อนทองชัย | P162: เอกพล | Q162: A
A163: 0 | B163: FR023002 | C163: ศรชัย เกิดศรี | D163: FR023 : บจก.เจริญภัณฑ์ผลิตคอนกรีต(สาขาที่ 2) | E163: FC234 : บึงสามัคคี | F163: พ.บริการผลิต(Operator) | G163: 16 | H163: ผ่าน | I163: ผ่าน | J163: ผ่าน | K163: ผ่าน | L163: ผ่าน | M163: FC234 | N163: FC234 : บึงสามัคคี | O163: 0 | P163: 0 | Q163: C
A164: 4-North | B164: FR023005 | C164: สนาม พูนศรี | D164: FR023 : บจก.เจริญภัณฑ์ผลิตคอนกรีต(สาขาที่ 2) | E164: FC289 : คลองขลุง 2 | F164: พ.บริการผลิต(โยธา) | G164: 12 | H164: ไม่ต้องสอบ | I164: ผ่าน | J164: ไม่ต้องสอบ | K164: ไม่ต้องสอบ | L164: ผ่าน | M164: FC289 | N164: คลองขลุง 2 | O164: บจก.เจริญภัณฑ์ผลิตคอนกรีต | P164: พิเชษฐ์ | Q164: A
A165: 4-North | B165: FR023006 | C165: ประยุทธ สิงห์คำ | D165: FR023 : บจก.เจริญภัณฑ์ผลิตคอนกรีต(สาขาที่ 2) | E165: FC289 : คลองขลุง 2 | F165: พนักงานบริการโรงงาน | G165: 24 | H165: ผ่าน | I165: ผ่าน | J165: ผ่าน | K165: ผ่าน | L165: ผ่าน | M165: FC289 | N165: คลองขลุง 2 | O165: บจก.เจริญภัณฑ์ผลิตคอนกรีต | P165: พิเชษฐ์ | Q165: A
A166: 4-North | B166: FR023008 | C166: สมภพ พลโยธา | D166: FR023 : บจก.เจริญภัณฑ์ผลิตคอนกรีต(สาขาที่ 2) | E166: FC045 : ขาณุวรลักษบุรี | F166: พ.บริการผลิต(Operator) | G166: 17 | H166: ผ่าน | I166: ผ่าน | J166: ผ่าน | K166: ผ่าน | L166: ผ่าน | M166: FC045 | N166: ขาณุวรลักษบุรี | O166: บจก.เจริญภัณฑ์ผลิตคอนกรีต | P166: พิเชษฐ์ | Q166: A
A167: 4-North | B167: FR023010 | C167: วิโรจน์ เชื้อนุ่น | D167: FR023 : บจก.เจริญภัณฑ์ผลิตคอนกรีต(สาขาที่ 2) | E167: FC289 : คลองขลุง 2 | F167: พ.บริการผลิต(Operator) | G167: 13 | H167: ผ่าน | I167: ผ่าน | J167: ผ่าน | K167: ผ่าน | L167: ผ่าน | M167: FC289 | N167: คลองขลุง 2 | O167: บจก.เจริญภัณฑ์ผลิตคอนกรีต | P167: พิเชษฐ์ | Q167: A
A168: 4-North | B168: FR023013 | C168: บุญฤทธิ์ อินประภัก | D168: FR023 : บจก.เจริญภัณฑ์ผลิตคอนกรีต(สาขาที่ 2) | E168: FC045 : ขาณุวรลักษบุรี | F168: พ.บริการผลิต(Operator) | G168: 17 | H168: ผ่าน | I168: ผ่าน | J168: ผ่าน | K168: ผ่าน | L168: ผ่าน | M168: FC045 | N168: ขาณุวรลักษบุรี | O168: บจก.เจริญภัณฑ์ผลิตคอนกรีต | P168: พิเชษฐ์ | Q168: A
A169: 4-North | B169: FR023015 | C169: พัฒนะ ทับแสง | D169: FR023 : บจก.เจริญภัณฑ์ผลิตคอนกรีต(สาขาที่ 2) | E169: FC289 : คลองขลุง 2 | F169: พ.บริการผลิต(Operator) | G169: 9 | H169: ผ่าน | I169: ผ่าน | J169: ผ่าน | K169: ผ่าน | L169: ผ่าน | M169: FC289 | N169: คลองขลุง 2 | O169: บจก.เจริญภัณฑ์ผลิตคอนกรีต | P169: พิเชษฐ์ | Q169: A
A170: 4-North | B170: FR023016 | C170: อุทิศ ทับทิมทอง | D170: FR023 : บจก.เจริญภัณฑ์ผลิตคอนกรีต(สาขาที่ 2) | E170: FC289 : คลองขลุง 2 | F170: พ.บริการงานผลิต(QC) | G170: 9 | H170: ผ่าน | I170: ผ่าน | J170: ผ่าน | K170: ผ่าน | L170: ผ่าน | M170: FC289 | N170: คลองขลุง 2 | O170: บจก.เจริญภัณฑ์ผลิตคอนกรีต | P170: พิเชษฐ์ | Q170: A
A171: 4-North | B171: FR023017 | C171: วัลลภ พลโยธา | D171: FR023 : บจก.เจริญภัณฑ์ผลิตคอนกรีต(สาขาที่ 2) | E171: FC045 : ขาณุวรลักษบุรี | F171: พ.บริการผลิต(Operator) | G171: 10 | H171: ผ่าน | I171: ผ่าน | J171: ผ่าน | K171: ผ่าน | L171: ผ่าน | M171: FC045 | N171: ขาณุวรลักษบุรี | O171: บจก.เจริญภัณฑ์ผลิตคอนกรีต | P171: พิเชษฐ์ | Q171: A
A172: 4-North | B172: FR024001 | C172: ธีระพงษ์ ทาตระกูล | D172: FR024 : บจก.เจริญภัณฑ์ผลิตคอนกรีตผสมเสร็จ (นครสวรรค์) | E172: FC255 : หนองบัว | F172: พนักงานบริการโรงงาน | G172: 26 | H172: ผ่าน | I172: ผ่าน | J172: ผ่าน | K172: ผ่าน | L172: ผ่าน | M172: FC255 | N172: หนองบัว | O172: บจก.เจริญภัณฑ์ผลิตคอนกรีต | P172: พิเชษฐ์ | Q172: A
A173: 4-North | B173: FR024002 | C173: โชติ สุขแจ่ม | D173: FR024 : บจก.เจริญภัณฑ์ผลิตคอนกรีตผสมเสร็จ (นครสวรรค์) | E173: FC255 : หนองบัว | F173: พ.บริการผลิต(Operator) | G173: 20 | H173: ผ่าน | I173: ผ่าน | J173: ผ่าน | K173: ผ่าน | L173: ผ่าน | M173: FC255 | N173: หนองบัว | O173: บจก.เจริญภัณฑ์ผลิตคอนกรีต | P173: พิเชษฐ์ | Q173: A
A174: 4-North | B174: FR024004 | C174: มนตรี สุทธิ | D174: FR024 : บจก.เจริญภัณฑ์ผลิตคอนกรีตผสมเสร็จ (นครสวรรค์) | E174: FC067 : ท่าตะโก | F174: พนักงานบริการโรงงาน | G174: 8 | H174: ผ่าน | I174: ผ่าน | J174: ผ่าน | K174: ผ่าน | L174: ผ่าน | M174: FC067 | N174: ท่าตะโก | O174: บจก.เจริญภัณฑ์ผลิตคอนกรีต | P174: พิเชษฐ์ | Q174: A
A175: 4-North | B175: FR024005 | C175: สุนทร พูลพงษ์ | D175: FR024 : บจก.เจริญภัณฑ์ผลิตคอนกรีตผสมเสร็จ (นครสวรรค์) | E175: FC067 : ท่าตะโก | F175: พ.บริการผลิต(โยธา) | G175: 17 | H175: ไม่ต้องสอบ | I175: ผ่าน | J175: ไม่ต้องสอบ | K175: ไม่ต้องสอบ | L175: ผ่าน | M175: FC067 | N175: ท่าตะโก | O175: บจก.เจริญภัณฑ์ผลิตคอนกรีต | P175: พิเชษฐ์ | Q175: A
... A233: 4-North | B233: FR033024 | C233: ชิชานนท์ สำแดงเดช | D233: FR033 : หจก.เรืองชัยคอนกรีต สาขา0002 | E233: FC322 : ฝาง-สันทราย | F233: พ.บริการผลิต(โยธา) | G233: 2 | H233: ไม่ต้องสอบ | I233: ผ่าน | J233: ไม่ต้องสอบ | K233: ไม่ต้องสอบ | L233: ผ่าน | M233: FC322 | N233: ฝาง-สันทราย | O233: หจก.เรืองชัยคอนกรีต | P233: เสฎฐวุฒิ | Q233: A
A234: 0 | B234: FR033026 | C234: พรรณิภา (กิ๊ก) จ่องตาล | D234: FR033 : หจก.เรืองชัยคอนกรีต สาขา0002 | E234: P029 : หจก.เรืองชัยคอนกรีต | F234: พนักงานบริการโรงงาน | G234: 2 | H234: ไม่ผ่าน | I234: ไม่ผ่าน | J234: ไม่ผ่าน | K234: ไม่ผ่าน | L234: ไม่ผ่าน | M234: P029 | N234: P029 : หจก.เรืองชัยคอนกรีต | O234: 0 | P234: 0 | Q234: C
A235: 4-North | B235: FR033027 | C235: เอกชัย กันธะเสน | D235: FR033 : หจก.เรืองชัยคอนกรีต สาขา0002 | E235: FC146 : ฝาง 2 | F235: พนักงาน QC ประจำศูนย์ทดสอบ | G235: 1 | H235: ผ่าน | I235: ผ่าน | J235: ผ่าน | K235: ผ่าน | L235: ผ่าน | M235: FC146 | N235: ฝาง 2 | O235: หจก.เรืองชัยคอนกรีต | P235: เสฎฐวุฒิ | Q235: A
A236: 4-North | B236: FR033028 | C236: ศรัณย์ คชวิน | D236: FR033 : หจก.เรืองชัยคอนกรีต สาขา0002 | E236: FC146 : ฝาง 2 | F236: พ.บริการงานผลิต(QC) | G236: 0 | H236: ผ่าน | I236: ผ่าน | J236: ผ่าน | K236: ไม่ผ่าน | L236: ไม่ผ่าน | M236: FC146 | N236: ฝาง 2 | O236: หจก.เรืองชัยคอนกรีต | P236: เสฎฐวุฒิ | Q236: A
A237: 4-North | B237: FR034001 | C237: ตะวัน ศิริน้อย | D237: FR034 : หจก.ทวิภัณฑ์ฮอดคอนกรีต | E237: FC007 : ฮอด | F237: พนักงานบริการโรงงาน | G237: 23 | H237: ผ่าน | I237: ผ่าน | J237: ผ่าน | K237: ผ่าน | L237: ผ่าน | M237: FC007 | N237: ฮอด | O237: หจก.ทวิภัณฑ์ฮอดคอนกรีต | P237: เสฎฐวุฒิ | Q237: A
A238: 4-North | B238: FR034004 | C238: เพชร ทากาศ | D238: FR034 : หจก.ทวิภัณฑ์ฮอดคอนกรีต | E238: FC007 : ฮอด | F238: พ.บริการงานผลิต(QC) | G238: 23 | H238: ผ่าน | I238: ผ่าน | J238: ผ่าน | K238: ผ่าน | L238: ผ่าน | M238: FC007 | N238: ฮอด | O238: หจก.ทวิภัณฑ์ฮอดคอนกรีต | P238: เสฎฐวุฒิ | Q238: A
A239: 0 | B239: FR034006 | C239: ประพันธ์ สายฟ้าเรือน(ไก่) | D239: FR034 : หจก.ทวิภัณฑ์ฮอดคอนกรีต | E239: FC164 : จอมทอง | F239: พนักงานผลิต | G239: 38 | H239: ผ่าน | I239: ผ่าน | J239: ผ่าน | K239: ผ่าน | L239: ผ่าน | M239: FC164 | N239: FC164 : จอมทอง | O239: 0 | P239: 0 | Q239: C
A240: 0 | B240: FR034011 | C240: นายสุภชัย คำหล้า (โหน่ง) | D240: FR034 : หจก.ทวิภัณฑ์ฮอดคอนกรีต | E240: FC164 : จอมทอง | F240: พ.บริการงานผลิต(QC) | G240: 7 | H240: ผ่าน | I240: ผ่าน | J240: ผ่าน | K240: ผ่าน | L240: ผ่าน | M240: FC164 | N240: FC164 : จอมทอง | O240: 0 | P240: 0 | Q240: C
A241: 0 | B241: FR034012 | C241: ธีรพล เปลี่ยนพร้อม(กอล์ฟ) | D241: FR034 : หจก.ทวิภัณฑ์ฮอดคอนกรีต | E241: FC164 : จอมทอง | F241: พนักงานบริการโรงงาน | G241: 16 | H241: ไม่ผ่าน | I241: ไม่ผ่าน | J241: ไม่ผ่าน | K241: ไม่ผ่าน | L241: ไม่ผ่าน | M241: FC164 | N241: FC164 : จอมทอง | O241: 0 | P241: 0 | Q241: C
A242: 5-NorthE | B242: FR035001 | C242: เอนกศักดิ์ อังสนิวัฒน์ | D242: FR035 : หจก.เจตนะธรรมค้าไม้ | E242: FC031 : FC สีคิ้ว | F242: พนักงานบริการโรงงาน | G242: 23 | H242: ผ่าน | I242: ผ่าน | J242: ผ่าน | K242: ผ่าน | L242: ผ่าน | M242: FC031 | N242: สีคิ้ว | O242: หจก.เจตนะธรรมค้าไม้ | P242: อภิมุข | Q242: A
A243: 5-NorthE | B243: FR035007 | C243: ปีชา เรืองฉาง | D243: FR035 : หจก.เจตนะธรรมค้าไม้ | E243: FC031 : FC สีคิ้ว | F243: พนักงานบริการโรงงาน | G243: 10 | H243: ผ่าน | I243: ผ่าน | J243: ผ่าน | K243: ผ่าน | L243: ผ่าน | M243: FC031 | N243: สีคิ้ว | O243: หจก.เจตนะธรรมค้าไม้ | P243: อภิมุข | Q243: A
A244: 5-NorthE | B244: FR035011 | C244: ศริตวรรธน์ ฐปนวัฒนานนณ์ | D244: FR035 : หจก.เจตนะธรรมค้าไม้ | E244: FC031 : FC สีคิ้ว | F244: พนักงานผลิต | G244: 8 | H244: ผ่าน | I244: ผ่าน | J244: ผ่าน | K244: ผ่าน | L244: ผ่าน | M244: FC031 | N244: สีคิ้ว | O244: หจก.เจตนะธรรมค้าไม้ | P244: อภิมุข | Q244: A
A245: 5-NorthE | B245: FR036001 | C245: จรัล ทวีพันธ์ | D245: FR036 : หจก.อังครงค์รักษ์พาณิชย์ | E245: FC114 : FC สีดา | F245: พนักงานบริการโรงงาน | G245: 16 | H245: ผ่าน | I245: ผ่าน | J245: ผ่าน | K245: ผ่าน | L245: ผ่าน | M245: FC114 | N245: สีดา | O245: หจก.อังครงค์รักษ์พาณิชย์ | P245: อภิมุข | Q245: A
A246: 5-NorthE | B246: FR036002 | C246: พรศักด์ ประจง | D246: FR036 : หจก.อังครงค์รักษ์พาณิชย์ | E246: FC266 : FC บัวใหญ่ | F246: พนักงานผลิต | G246: 12 | H246: ผ่าน | I246: ผ่าน | J246: ผ่าน | K246: ผ่าน | L246: ผ่าน | M246: FC266 | N246: บัวใหญ่ | O246: หจก.อังครงค์รักษ์พาณิชย์ | P246: อภิมุข | Q246: A
A247: 5-NorthE | B247: FR036003 | C247: ดนัย ชาธงชัย | D247: FR036 : หจก.อังครงค์รักษ์พาณิชย์ | E247: FC114 : FC สีดา | F247: พนักงานผลิต | G247: 15 | H247: ผ่าน | I247: ผ่าน | J247: ผ่าน | K247: ผ่าน | L247: ผ่าน | M247: FC114 | N247: สีดา | O247: หจก.อังครงค์รักษ์พาณิชย์ | P247: อภิมุข | Q247: A
A248: 5-NorthE | B248: FR036006 | C248: จำนง สูงเนิน | D248: FR036 : หจก.อังครงค์รักษ์พาณิชย์ | E248: FC114 : FC สีดา | F248: พ.บริการผลิต(โยธา) | G248: 15 | H248: ไม่ต้องสอบ | I248: ผ่าน | J248: ไม่ต้องสอบ | K248: ไม่ต้องสอบ | L248: ผ่าน | M248: FC114 | N248: สีดา | O248: หจก.อังครงค์รักษ์พาณิชย์ | P248: อภิมุข | Q248: A
A249: 5-NorthE | B249: FR036008 | C249: อาทิตย์ นาคสาม | D249: FR036 : หจก.อังครงค์รักษ์พาณิชย์ | E249: FC144 : FC ชุมพวง | F249: พนักงานผลิต | G249: 18 | H249: ผ่าน | I249: ผ่าน | J249: ผ่าน | K249: ผ่าน | L249: ผ่าน | M249: FC144 | N249: ชุมพวง | O249: หจก.อังครงค์รักษ์พาณิชย์ | P249: อภิมุข | Q249: A
A250: 5-NorthE | B250: FR036012 | C250: วิชาญ ก้านพิมาย | D250: FR036 : หจก.อังครงค์รักษ์พาณิชย์ | E250: FC144 : FC ชุมพวง | F250: พ.บริการงานผลิต(QC) | G250: 13 | H250: ผ่าน | I250: ผ่าน | J250: ผ่าน | K250: ผ่าน | L250: ผ่าน | M250: FC144 | N250: ชุมพวง | O250: หจก.อังครงค์รักษ์พาณิชย์ | P250: อภิมุข | Q250: A
A251: 5-NorthE | B251: FR036013 | C251: สมพร จัดหิรัญ | D251: FR036 : หจก.อังครงค์รักษ์พาณิชย์ | E251: FC144 : FC ชุมพวง | F251: พนักงานบริการโรงงาน | G251: 14 | H251: ผ่าน | I251: ผ่าน | J251: ผ่าน | K251: ผ่าน | L251: ผ่าน | M251: FC144 | N251: ชุมพวง | O251: หจก.อังครงค์รักษ์พาณิชย์ | P251: อภิมุข | Q251: A
A252: 5-NorthE | B252: FR036015 | C252: ปฏิธาน สูนย์รัมย์ | D252: FR036 : หจก.อังครงค์รักษ์พาณิชย์ | E252: FC157 : FC จักราช | F252: พนักงานผลิต | G252: 15 | H252: ผ่าน | I252: ผ่าน | J252: ผ่าน | K252: ผ่าน | L252: ผ่าน | M252: FC157 | N252: จักราช | O252: หจก.อังครงค์รักษ์พาณิชย์ | P252: อภิมุข | Q252: A
A253: 5-NorthE | B253: FR036016 | C253: อาวร เจิมปุ | D253: FR036 : หจก.อังครงค์รักษ์พาณิชย์ | E253: FC157 : FC จักราช | F253: พ.บริการงานผลิต(QC) | G253: 15 | H253: ผ่าน | I253: ผ่าน | J253: ผ่าน | K253: ผ่าน | L253: ผ่าน | M253: FC157 | N253: จักราช | O253: หจก.อังครงค์รักษ์พาณิชย์ | P253: อภิมุข | Q253: A
... A315: 5-NorthE | B315: FR039009 | C315: ศราวุธ ผลาผล | D315: FR039 : หจก.ผาน้ำเที่ยง | E315: FC243 : FCสีชมพู | F315: พ.บริการผลิต(โยธา) | G315: 1 | H315: ไม่ต้องสอบ | I315: ผ่าน | J315: ไม่ต้องสอบ | K315: ไม่ต้องสอบ | L315: ผ่าน | M315: FC243 | N315: สีชมพู | O315: หจก.ผาน้ำเที่ยง | P315: บุญเพ็ง | Q315: A
A316: #N/A | B316: FR040001 | C316: รัชฎาภรณ์ หมอกสิมมา | D316: FR040 : หจก.ภูเวียงคอนกรีต | E316: FC074 : FCภูเวียง | F316: พนักงานผลิต | G316: 14 | H316: ผ่าน | I316: ผ่าน | J316: ผ่าน | K316: ผ่าน | L316: ผ่าน | M316: FC074 | N316: #N/A | O316: #N/A | P316: #N/A | Q316: #N/A
A317: #N/A | B317: FR040002 | C317: วันชัย พนะโพธิ์ | D317: FR040 : หจก.ภูเวียงคอนกรีต | E317: FC074 : FCภูเวียง | F317: พนักงานผลิต | G317: 12 | H317: ผ่าน | I317: ผ่าน | J317: ผ่าน | K317: ผ่าน | L317: ผ่าน | M317: FC074 | N317: #N/A | O317: #N/A | P317: #N/A | Q317: #N/A
A318: 5-NorthE | B318: FR042002 | C318: เอกชัย เมธีปฏิภาน | D318: FR042 : หจก.เซ็นจูรี่บึงกาฬ | E318: FC018 : FC บึงกาฬ | F318: พ.บริการผลิต(Operator) | G318: 10 | H318: ผ่าน | I318: ผ่าน | J318: ผ่าน | K318: ผ่าน | L318: ผ่าน | M318: FC018 | N318: FC บึงกาฬ | O318: หจก.เซ็นจูรี่บึงกาฬ | P318: สันทนา | Q318: A
A319: 5-NorthE | B319: FR042003 | C319: จิรัฏฐ์ แก้วนุช | D319: FR042 : หจก.เซ็นจูรี่บึงกาฬ | E319: FC018 : FC บึงกาฬ | F319: พ.บริการงานผลิต(QC) | G319: 5 | H319: ผ่าน | I319: ผ่าน | J319: ผ่าน | K319: ผ่าน | L319: ผ่าน | M319: FC018 | N319: FC บึงกาฬ | O319: หจก.เซ็นจูรี่บึงกาฬ | P319: สันทนา | Q319: A
A320: 5-NorthE | B320: FR042004 | C320: ทวีศักดิ์ ศิริเชษฐ์ | D320: FR042 : หจก.เซ็นจูรี่บึงกาฬ | E320: FC018 : FC บึงกาฬ | F320: พ.บริการผลิต(โยธา) | G320: 2 | H320: ไม่ต้องสอบ | I320: ผ่าน | J320: ไม่ต้องสอบ | K320: ไม่ต้องสอบ | L320: ผ่าน | M320: FC018 | N320: FC บึงกาฬ | O320: หจก.เซ็นจูรี่บึงกาฬ | P320: สันทนา | Q320: A
A321: 5-NorthE | B321: FR042005 | C321: อัฉนัย อิงสา | D321: FR042 : หจก.เซ็นจูรี่บึงกาฬ | E321: FC018 : FC บึงกาฬ | F321: พ.บริการผลิต(โยธา) | G321: 1 | H321: ไม่ต้องสอบ | I321: ผ่าน | J321: ไม่ต้องสอบ | K321: ไม่ต้องสอบ | L321: ผ่าน | M321: FC018 | N321: FC บึงกาฬ | O321: หจก.เซ็นจูรี่บึงกาฬ | P321: สันทนา | Q321: A
A322: 5-NorthE | B322: FR045001 | C322: โอวาท วิวาสุข | D322: FR045 : บจก.คูย่งฮวด (1995) | E322: FC090 : FC สุรินทร์ | F322: พนักงานบริการโรงงาน | G322: 11 | H322: ผ่าน | I322: ผ่าน | J322: ผ่าน | K322: ผ่าน | L322: ผ่าน | M322: FC090 | N322: สุรินทร์ 1 | O322: บจก.คูย่งฮวด (1995) | P322: ไชยยันต์ | Q322: A
A323: 5-NorthE | B323: FR045002 | C323: ปราโมทย์ สายรัมย์ | D323: FR045 : บจก.คูย่งฮวด (1995) | E323: FC147 : FC ลำปลายมาศ | F323: พนักงานบริการโรงงาน | G323: 16 | H323: ผ่าน | I323: ผ่าน | J323: ผ่าน | K323: ผ่าน | L323: ผ่าน | M323: FC147 | N323: ลำปลายมาศ | O323: บจก.คูย่งฮวด (1995) | P323: ไชยยันต์ | Q323: A
A324: 5-NorthE | B324: FR045004 | C324: วิชิต ชนะนาน | D324: FR045 : บจก.คูย่งฮวด (1995) | E324: FC147 : FC ลำปลายมาศ | F324: พ.บริการงานผลิต(QC) | G324: 16 | H324: ผ่าน | I324: ผ่าน | J324: ผ่าน | K324: ผ่าน | L324: ผ่าน | M324: FC147 | N324: ลำปลายมาศ | O324: บจก.คูย่งฮวด (1995) | P324: ไชยยันต์ | Q324: A
A325: 5-NorthE | B325: FR045006 | C325: พัชร จารัตน์ | D325: FR045 : บจก.คูย่งฮวด (1995) | E325: FC090 : FC สุรินทร์ | F325: พนักงานผลิต | G325: 10 | H325: ผ่าน | I325: ผ่าน | J325: ผ่าน | K325: ผ่าน | L325: ผ่าน | M325: FC090 | N325: สุรินทร์ 1 | O325: บจก.คูย่งฮวด (1995) | P325: ไชยยันต์ | Q325: A
A326: 5-NorthE | B326: FR045007 | C326: จักกิช แสงนิล | D326: FR045 : บจก.คูย่งฮวด (1995) | E326: FC090 : FC สุรินทร์ | F326: พ.บริการงานผลิต(QC) | G326: 10 | H326: ผ่าน | I326: ผ่าน | J326: ผ่าน | K326: ผ่าน | L326: ผ่าน | M326: FC090 | N326: สุรินทร์ 1 | O326: บจก.คูย่งฮวด (1995) | P326: ไชยยันต์ | Q326: A
A327: 5-NorthE | B327: FR045010 | C327: สุพิษ การงานดี | D327: FR045 : บจก.คูย่งฮวด (1995) | E327: FC245 : FC สุรินทร์ 2 | F327: พ.บริการงานผลิต(QC) | G327: 13 | H327: ผ่าน | I327: ผ่าน | J327: ผ่าน | K327: ผ่าน | L327: ผ่าน | M327: FC245 | N327: สุรินทร์ 2 | O327: บจก.คูย่งฮวด (1995) | P327: ไชยยันต์ | Q327: A
A328: 5-NorthE | B328: FR045014 | C328: บรรลุ แสงแก้ว | D328: FR045 : บจก.คูย่งฮวด (1995) | E328: FC113 : FC ท่าตูม | F328: พ.บริการงานผลิต(QC) | G328: 12 | H328: ผ่าน | I328: ผ่าน | J328: ผ่าน | K328: ผ่าน | L328: ผ่าน | M328: FC113 | N328: ท่าตูม | O328: บจก.คูย่งฮวด (1995) | P328: ไชยยันต์ | Q328: A
A329: 5-NorthE | B329: FR045016 | C329: ปรีชา คุ้มแก้ว | D329: FR045 : บจก.คูย่งฮวด (1995) | E329: FC245 : FC สุรินทร์ 2 | F329: พนักงานผลิต | G329: 9 | H329: ผ่าน | I329: ผ่าน | J329: ผ่าน | K329: ผ่าน | L329: ผ่าน | M329: FC245 | N329: สุรินทร์ 2 | O329: บจก.คูย่งฮวด (1995) | P329: ไชยยันต์ | Q329: A
... A337: 5-NorthE | B337: FR046002 | C337: ชาลี หมุดทอง | D337: FR046 : บจก.เจ.เค.คอนกรีต | E337: FC081 : FC ปราสาท | F337: พ.บริการผลิต(Operator) | G337: 17 | H337: ผ่าน | I337: ผ่าน | J337: ผ่าน | K337: ผ่าน | L337: ผ่าน | M337: FC081 | N337: ปราสาท | O337: บจก.เจ.เค.คอนกรีต | P337: ไชยยันต์ | Q337: A
...

Sheet Score
A1: กิจการ | B1: FCPLNO | C1: โรงงาน | D1: จำนวน พนง. | E1: ผ่าน | F1: Score จำนวน พนง. | G1: Score (L1L2) | H1: M | I1: บจก./หจก. | J1: เปลี่ยนคน
A2: 5-NorthEast | B2: ZZP1 | C2: อุบลรัตน์ (X2) | D2: =COUNTIF(L1L2!$M:$M,$B2) -> 0 | E2: =COUNTIFS(L1L2!$M:$M,$B2,L1L2!$L:$L,$E$1) -> 0 | F2: =IF(AND(H2=1,D2>=2),9,IF(D2>=3,9,0)) -> 0 | G2: =IF(AND(H2=1,E2>=2),3,IF(E2>3,3,E2)) -> 0 | H2: =IF(ISNUMBER(SEARCH("M", C2)), 1, 0) -> 0 | I2: =VLOOKUP(B2,Sheet1!$A:$E,5,FALSE) -> บจก.เคแพคคอนกรีต 2004
A3: 5-NorthEast | B3: ZZP2 | C3: น้ำพอง(X2) | D3: =COUNTIF(L1L2!$M:$M,$B3) -> 3 | E3: =COUNTIFS(L1L2!$M:$M,$B3,L1L2!$L:$L,$E$1) -> 1 | F3: =IF(AND(H3=1,D3>=2),9,IF(D3>=3,9,0)) -> 9 | G3: =IF(AND(H3=1,E3>=2),3,IF(E3>3,3,E3)) -> 1 | H3: =IF(ISNUMBER(SEARCH("M", C3)), 1, 0) -> 0 | I3: =VLOOKUP(B3,Sheet1!$A:$E,5,FALSE) -> บจก.เคแพคคอนกรีต 2004
A4: 5-NorthEast | B4: ZZP3 | C4: ขอนแก่น 1(X2) | D4: =COUNTIF(L1L2!$M:$M,$B4) -> 4 | E4: =COUNTIFS(L1L2!$M:$M,$B4,L1L2!$L:$L,$E$1) -> 4 | F4: =IF(AND(H4=1,D4>=2),9,IF(D4>=3,9,0)) -> 9 | G4: =IF(AND(H4=1,E4>=2),3,IF(E4>3,3,E4)) -> 3 | H4: =IF(ISNUMBER(SEARCH("M", C4)), 1, 0) -> 0 | I4: =VLOOKUP(B4,Sheet1!$A:$E,5,FALSE) -> บจก.เคแพคคอนกรีต 2004
A5: 5-NorthEast | B5: ZZP4 | C5: ขอนแก่น 2(X2) | D5: =COUNTIF(L1L2!$M:$M,$B5) -> 3 | E5: =COUNTIFS(L1L2!$M:$M,$B5,L1L2!$L:$L,$E$1) -> 3 | F5: =IF(AND(H5=1,D5>=2),9,IF(D5>=3,9,0)) -> 9 | G5: =IF(AND(H5=1,E5>=2),3,IF(E5>3,3,E5)) -> 3 | H5: =IF(ISNUMBER(SEARCH("M", C5)), 1, 0) -> 0 | I5: =VLOOKUP(B5,Sheet1!$A:$E,5,FALSE) -> บจก.เคแพคคอนกรีต 2004
A6: 5-NorthEast | B6: ZZP5 | C6: ท่าพระ(X2) | D6: =COUNTIF(L1L2!$M:$M,$B6) -> 3 | E6: =COUNTIFS(L1L2!$M:$M,$B6,L1L2!$L:$L,$E$1) -> 2 | F6: =IF(AND(H6=1,D6>=2),9,IF(D6>=3,9,0)) -> 9 | G6: =IF(AND(H6=1,E6>=2),3,IF(E6>3,3,E6)) -> 2 | H6: =IF(ISNUMBER(SEARCH("M", C6)), 1, 0) -> 0 | I6: =VLOOKUP(B6,Sheet1!$A:$E,5,FALSE) -> บจก.เคแพคคอนกรีต 2004
A7: 5-NorthEast | B7: ZZP8 | C7: หนองเรือ(X2) | D7: =COUNTIF(L1L2!$M:$M,$B7) -> 4 | E7: =COUNTIFS(L1L2!$M:$M,$B7,L1L2!$L:$L,$E$1) -> 3 | F7: =IF(AND(H7=1,D7>=2),9,IF(D7>=3,9,0)) -> 9 | G7: =IF(AND(H7=1,E7>=2),3,IF(E7>3,3,E7)) -> 3 | H7: =IF(ISNUMBER(SEARCH("M", C7)), 1, 0) -> 0 | I7: =VLOOKUP(B7,Sheet1!$A:$E,5,FALSE) -> บจก.เคแพคคอนกรีต 2004
A8: 5-NorthEast | B8: ZZTA | C8: โนนสะอาดType X2 | D8: =COUNTIF(L1L2!$M:$M,$B8) -> 3 | E8: =COUNTIFS(L1L2!$M:$M,$B8,L1L2!$L:$L,$E$1) -> 3 | F8: =IF(AND(H8=1,D8>=2),9,IF(D8>=3,9,0)) -> 9 | G8: =IF(AND(H8=1,E8>=2),3,IF(E8>3,3,E8)) -> 3 | H8: =IF(ISNUMBER(SEARCH("M", C8)), 1, 0) -> 0 | I8: =VLOOKUP(B8,Sheet1!$A:$E,5,FALSE) -> บจก.เคแพคคอนกรีต 2004
A9: 5-NorthEast | B9: FC081 | C9: ปราสาท | D9: =COUNTIF(L1L2!$M:$M,$B9) -> 4 | E9: =COUNTIFS(L1L2!$M:$M,$B9,L1L2!$L:$L,$E$1) -> 4 | F9: =IF(AND(H9=1,D9>=2),9,IF(D9>=3,9,0)) -> 9 | G9: =IF(AND(H9=1,E9>=2),3,IF(E9>3,3,E9)) -> 3 | H9: =IF(ISNUMBER(SEARCH("M", C9)), 1, 0) -> 0 | I9: =VLOOKUP(B9,Sheet1!$A:$E,5,FALSE) -> บจก.เจ.เค.คอนกรีต
A10: 1-Metro | B10: 31ED | C10: หลวงแพ่ง (N) | D10: =COUNTIF(L1L2!$M:$M,$B10) -> 3 | E10: =COUNTIFS(L1L2!$M:$M,$B10,L1L2!$L:$L,$E$1) -> 3 | F10: =IF(AND(H10=1,D10>=2),9,IF(D10>=3,9,0)) -> 9 | G10: =IF(AND(H10=1,E10>=2),3,IF(E10>3,3,E10)) -> 3 | H10: =IF(ISNUMBER(SEARCH("M", C10)), 1, 0) -> 0 | I10: =VLOOKUP(B10,Sheet1!$A:$E,5,FALSE) -> บจก.เจเอ็นเจพี ซิเมนต์
A11: 4-North | B11: FC045 | C11: ขาณุวรลักษบุรี | D11: =COUNTIF(L1L2!$M:$M,$B11) -> 3 | E11: =COUNTIFS(L1L2!$M:$M,$B11,L1L2!$L:$L,$E$1) -> 3 | F11: =IF(AND(H11=1,D11>=2),9,IF(D11>=3,9,0)) -> 9 | G11: =IF(AND(H11=1,E11>=2),3,IF(E11>3,3,E11)) -> 3 | H11: =IF(ISNUMBER(SEARCH("M", C11)), 1, 0) -> 0 | I11: =VLOOKUP(B11,Sheet1!$A:$E,5,FALSE) -> บจก.เจริญภัณฑ์ผลิตคอนกรีต
A12: 4-North | B12: FC067 | C12: ท่าตะโก | D12: =COUNTIF(L1L2!$M:$M,$B12) -> 5 | E12: =COUNTIFS(L1L2!$M:$M,$B12,L1L2!$L:$L,$E$1) -> 5 | F12: =IF(AND(H12=1,D12>=2),9,IF(D12>=3,9,0)) -> 9 | G12: =IF(AND(H12=1,E12>=2),3,IF(E12>3,3,E12)) -> 3 | H12: =IF(ISNUMBER(SEARCH("M", C12)), 1, 0) -> 0 | I12: =VLOOKUP(B12,Sheet1!$A:$E,5,FALSE) -> บจก.เจริญภัณฑ์ผลิตคอนกรีต
A13: 4-North | B13: FC289 | C13: คลองขลุง 2 | D13: =COUNTIF(L1L2!$M:$M,$B13) -> 5 | E13: =COUNTIFS(L1L2!$M:$M,$B13,L1L2!$L:$L,$E$1) -> 5 | F13: =IF(AND(H13=1,D13>=2),9,IF(D13>=3,9,0)) -> 9 | G13: =IF(AND(H13=1,E13>=2),3,IF(E13>3,3,E13)) -> 3 | H13: =IF(ISNUMBER(SEARCH("M", C13)), 1, 0) -> 0 | I13: =VLOOKUP(B13,Sheet1!$A:$E,5,FALSE) -> บจก.เจริญภัณฑ์ผลิตคอนกรีต
... A41: 3-West | B41: FC070 | C41: ท่ามะกา | D41: =COUNTIF(L1L2!$M:$M,$B41) -> 4 | E41: =COUNTIFS(L1L2!$M:$M,$B41,L1L2!$L:$L,$E$1) -> 4 | F41: =IF(AND(H41=1,D41>=2),9,IF(D41>=3,9,0)) -> 9 | G41: =IF(AND(H41=1,E41>=2),3,IF(E41>3,3,E41)) -> 3 | H41: =IF(ISNUMBER(SEARCH("M", C41)), 1, 0) -> 0 | I41: =VLOOKUP(B41,Sheet1!$A:$E,5,FALSE) -> บจก.กอวัฒนาคอนกรีต
A42: 3-West | B42: FC254 | C42: พนมทวน | D42: =COUNTIF(L1L2!$M:$M,$B42) -> 3 | E42: =COUNTIFS(L1L2!$M:$M,$B42,L1L2!$L:$L,$E$1) -> 3 | F42: =IF(AND(H42=1,D42>=2),9,IF(D42>=3,9,0)) -> 9 | G42: =IF(AND(H42=1,E42>=2),3,IF(E42>3,3,E42)) -> 3 | H42: =IF(ISNUMBER(SEARCH("M", C42)), 1, 0) -> 0 | I42: =VLOOKUP(B42,Sheet1!$A:$E,5,FALSE) -> บจก.กอวัฒนาคอนกรีต | J42: ท่ามะกา
A43: 3-West | B43: FC369 | C43: FC กาญจนบุรี 2 | D43: =COUNTIF(L1L2!$M:$M,$B43) -> 3 | E43: =COUNTIFS(L1L2!$M:$M,$B43,L1L2!$L:$L,$E$1) -> 3 | F43: =IF(AND(H43=1,D43>=2),9,IF(D43>=3,9,0)) -> 9 | G43: =IF(AND(H43=1,E43>=2),3,IF(E43>3,3,E43)) -> 3 | H43: =IF(ISNUMBER(SEARCH("M", C43)), 1, 0) -> 0 | I43: =VLOOKUP(B43,Sheet1!$A:$E,5,FALSE) -> บจก.กอวัฒนาคอนกรีต
A44: 3-West | B44: FC397 | C44: ท่าม่วง | D44: =COUNTIF(L1L2!$M:$M,$B44) -> 3 | E44: =COUNTIFS(L1L2!$M:$M,$B44,L1L2!$L:$L,$E$1) -> 2 | F44: =IF(AND(H44=1,D44>=2),9,IF(D44>=3,9,0)) -> 9 | G44: =IF(AND(H44=1,E44>=2),3,IF(E44>3,3,E44)) -> 2 | H44: =IF(ISNUMBER(SEARCH("M", C44)), 1, 0) -> 0 | I44: =VLOOKUP(B44,Sheet1!$A:$E,5,FALSE) -> บจก.กอวัฒนาคอนกรีต
A45: 5-NorthEast | B45: FC143 | C45: ธาตุพนม | D45: =COUNTIF(L1L2!$M:$M,$B45) -> 11 | E45: =COUNTIFS(L1L2!$M:$M,$B45,L1L2!$L:$L,$E$1) -> 11 | F45: =IF(AND(H45=1,D45>=2),9,IF(D45>=3,9,0)) -> 9 | G45: =IF(AND(H45=1,E45>=2),3,IF(E45>3,3,E45)) -> 3 | H45: =IF(ISNUMBER(SEARCH("M", C45)), 1, 0) -> 0 | I45: =VLOOKUP(B45,Sheet1!$A:$E,5,FALSE) -> บจก.กิจเจริญชัย ธุรกิจคอนกรีต
A46: 6-South | B46: FC282 | C46: ระนอง | D46: =COUNTIF(L1L2!$M:$M,$B46) -> 4 | E46: =COUNTIFS(L1L2!$M:$M,$B46,L1L2!$L:$L,$E$1) -> 2 | F46: =IF(AND(H46=1,D46>=2),9,IF(D46>=3,9,0)) -> 9 | G46: =IF(AND(H46=1,E46>=2),3,IF(E46>3,3,E46)) -> 2 | H46: =IF(ISNUMBER(SEARCH("M", C46)), 1, 0) -> 0 | I46: =VLOOKUP(B46,Sheet1!$A:$E,5,FALSE) -> บจก.คอนกรีตซีแพคระนอง
A47: 5-NorthEast | B47: 14H5 | C47: อุดร-มิตรภาพ คูย่งฮวด Type N | D47: =COUNTIF(L1L2!$M:$M,$B47) -> 0 | E47: =COUNTIFS(L1L2!$M:$M,$B47,L1L2!$L:$L,$E$1) -> 0 | F47: =IF(AND(H47=1,D47>=2),9,IF(D47>=3,9,0)) -> 0 | G47: =IF(AND(H47=1,E47>=2),3,IF(E47>3,3,E47)) -> 0 | H47: =IF(ISNUMBER(SEARCH("M", C47)), 1, 0) -> 0 | I47: =VLOOKUP(B47,Sheet1!$A:$E,5,FALSE) -> บจก.คูย่งฮวด (1995)
A48: 5-NorthEast | B48: FC090 | C48: สุรินทร์ 1 | D48: =COUNTIF(L1L2!$M:$M,$B48) -> 3 | E48: =COUNTIFS(L1L2!$M:$M,$B48,L1L2!$L:$L,$E$1) -> 3 | F48: =IF(AND(H48=1,D48>=2),9,IF(D48>=3,9,0)) -> 9 | G48: =IF(AND(H48=1,E48>=2),3,IF(E48>3,3,E48)) -> 3 | H48: =IF(ISNUMBER(SEARCH("M", C48)), 1, 0) -> 0 | I48: =VLOOKUP(B48,Sheet1!$A:$E,5,FALSE) -> บจก.คูย่งฮวด (1995)
A49: 5-NorthEast | B49: FC113 | C49: ท่าตูม | D49: =COUNTIF(L1L2!$M:$M,$B49) -> 3 | E49: =COUNTIFS(L1L2!$M:$M,$B49,L1L2!$L:$L,$E$1) -> 3 | F49: =IF(AND(H49=1,D49>=2),9,IF(D49>=3,9,0)) -> 9 | G49: =IF(AND(H49=1,E49>=2),3,IF(E49>3,3,E49)) -> 3 | H49: =IF(ISNUMBER(SEARCH("M", C49)), 1, 0) -> 0 | I49: =VLOOKUP(B49,Sheet1!$A:$E,5,FALSE) -> บจก.คูย่งฮวด (1995)
A50: 5-NorthEast | B50: FC147 | C50: ลำปลายมาศ | D50: =COUNTIF(L1L2!$M:$M,$B50) -> 3 | E50: =COUNTIFS(L1L2!$M:$M,$B50,L1L2!$L:$L,$E$1) -> 3 | F50: =IF(AND(H50=1,D50>=2),9,IF(D50>=3,9,0)) -> 9 | G50: =IF(AND(H50=1,E50>=2),3,IF(E50>3,3,E50)) -> 3 | H50: =IF(ISNUMBER(SEARCH("M", C50)), 1, 0) -> 0 | I50: =VLOOKUP(B50,Sheet1!$A:$E,5,FALSE) -> บจก.คูย่งฮวด (1995)
A51: 5-NorthEast | B51: FC245 | C51: สุรินทร์ 2 | D51: =COUNTIF(L1L2!$M:$M,$B51) -> 3 | E51: =COUNTIFS(L1L2!$M:$M,$B51,L1L2!$L:$L,$E$1) -> 3 | F51: =IF(AND(H51=1,D51>=2),9,IF(D51>=3,9,0)) -> 9 | G51: =IF(AND(H51=1,E51>=2),3,IF(E51>3,3,E51)) -> 3 | H51: =IF(ISNUMBER(SEARCH("M", C51)), 1, 0) -> 0 | I51: =VLOOKUP(B51,Sheet1!$A:$E,5,FALSE) -> บจก.คูย่งฮวด (1995)
A52: 5-NorthEast | B52: FC383 | C52: FC ศีขรภูมิ | D52: =COUNTIF(L1L2!$M:$M,$B52) -> 3 | E52: =COUNTIFS(L1L2!$M:$M,$B52,L1L2!$L:$L,$E$1) -> 3 | F52: =IF(AND(H52=1,D52>=2),9,IF(D52>=3,9,0)) -> 9 | G52: =IF(AND(H52=1,E52>=2),3,IF(E52>3,3,E52)) -> 3 | H52: =IF(ISNUMBER(SEARCH("M", C52)), 1, 0) -> 0 | I52: =VLOOKUP(B52,Sheet1!$A:$E,5,FALSE) -> บจก.คูย่งฮวด (1995)
A53: 5-NorthEast | B53: 31P2 | C53: อุดรธานี Type N | D53: =COUNTIF(L1L2!$M:$M,$B53) -> 5 | E53: =COUNTIFS(L1L2!$M:$M,$B53,L1L2!$L:$L,$E$1) -> 5 | F53: =IF(AND(H53=1,D53>=2),9,IF(D53>=3,9,0)) -> 9 | G53: =IF(AND(H53=1,E53>=2),3,IF(E53>3,3,E53)) -> 3 | H53: =IF(ISNUMBER(SEARCH("M", C53)), 1, 0) -> 0 | I53: =VLOOKUP(B53,Sheet1!$A:$E,5,FALSE) -> บจก.คูย่งฮวด อุดรธานี
A54: 5-NorthEast | B54: FC329 | C54: พยัคฆภูมิพิสัย | D54: =COUNTIF(L1L2!$M:$M,$B54) -> 2 | E54: =COUNTIFS(L1L2!$M:$M,$B54,L1L2!$L:$L,$E$1) -> 2 | F54: =IF(AND(H54=1,D54>=2),9,IF(D54>=3,9,0)) -> 0 | G54: =IF(AND(H54=1,E54>=2),3,IF(E54>3,3,E54)) -> 2 | H54: =IF(ISNUMBER(SEARCH("M", C54)), 1, 0) -> 0 | I54: =VLOOKUP(B54,Sheet1!$A:$E,5,FALSE) -> บจก.จงเจริญ คอนกรีต
... A58: 6-South | B58: FC287 | C58: มาบอำมฤต | D58: =COUNTIF(L1L2!$M:$M,$B58) -> 3 | E58: =COUNTIFS(L1L2!$M:$M,$B58,L1L2!$L:$L,$E$1) -> 3 | F58: =IF(AND(H58=1,D58>=2),9,IF(D58>=3,9,0)) -> 9 | G58: =IF(AND(H58=1,E58>=2),3,IF(E58>3,3,E58)) -> 3 | H58: =IF(ISNUMBER(SEARCH("M", C58)), 1, 0) -> 0 | I58: =VLOOKUP(B58,Sheet1!$A:$E,5,FALSE) -> บจก.ชุมพรไถ่เชียงคอนกรีต
A59: 6-South | B59: 3164 | C59: ปากน้ำชุมพร (N) | D59: =COUNTIF(L1L2!$M:$M,$B59) -> 3 | E59: =COUNTIFS(L1L2!$M:$M,$B59,L1L2!$L:$L,$E$1) -> 3 | F59: =IF(AND(H59=1,D59>=2),9,IF(D59>=3,9,0)) -> 9 | G59: =IF(AND(H59=1,E59>=2),3,IF(E59>3,3,E59)) -> 3 | H59: =IF(ISNUMBER(SEARCH("M", C59)), 1, 0) -> 0 | I59: =VLOOKUP(B59,Sheet1!$A:$E,5,FALSE) -> บจก.ชุมพรไถ่เชียงคอนกรีต
A60: 2-East | B60: 13O5 | C60: ซิโนมา Type X | D60: =COUNTIF(L1L2!$M:$M,$B60) -> 0 | E60: =COUNTIFS(L1L2!$M:$M,$B60,L1L2!$L:$L,$E$1) -> 0 | F60: =IF(AND(H60=1,D60>=2),9,IF(D60>=3,9,0)) -> 0 | G60: =IF(AND(H60=1,E60>=2),3,IF(E60>3,3,E60)) -> 0 | H60: =IF(ISNUMBER(SEARCH("M", C60)), 1, 0) -> 0 | I60: =VLOOKUP(B60,Sheet1!$A:$E,5,FALSE) -> บจก.ซิโนมา หานดาน(ไทยแลนด์)
A61: 3-West | B61: FC176 | C61: บางตะเคียน | D61: =COUNTIF(L1L2!$M:$M,$B61) -> 5 | E61: =COUNTIFS(L1L2!$M:$M,$B61,L1L2!$L:$L,$E$1) -> 3 | F61: =IF(AND(H61=1,D61>=2),9,IF(D61>=3,9,0)) -> 9 | G61: =IF(AND(H61=1,E61>=2),3,IF(E61>3,3,E61)) -> 3 | H61: =IF(ISNUMBER(SEARCH("M", C61)), 1, 0) -> 0 | I61: =VLOOKUP(B61,Sheet1!$A:$E,5,FALSE) -> บจก.ซี.แอล.คอนกรีต
A62: 3-West | B62: FC201 | C62: ศรีประจันต์ | D62: =COUNTIF(L1L2!$M:$M,$B62) -> 5 | E62: =COUNTIFS(L1L2!$M:$M,$B62,L1L2!$L:$L,$E$1) -> 4 | F62: =IF(AND(H62=1,D62>=2),9,IF(D62>=3,9,0)) -> 9 | G62: =IF(AND(H62=1,E62>=2),3,IF(E62>3,3,E62)) -> 3 | H62: =IF(ISNUMBER(SEARCH("M", C62)), 1, 0) -> 0 | I62: =VLOOKUP(B62,Sheet1!$A:$E,5,FALSE) -> บจก.ซี.แอล.คอนกรีต
A63: 3-West | B63: FC214 | C63: ดอนเจดีย์ | D63: =COUNTIF(L1L2!$M:$M,$B63) -> 4 | E63: =COUNTIFS(L1L2!$M:$M,$B63,L1L2!$L:$L,$E$1) -> 4 | F63: =IF(AND(H63=1,D63>=2),9,IF(D63>=3,9,0)) -> 9 | G63: =IF(AND(H63=1,E63>=2),3,IF(E63>3,3,E63)) -> 3 | H63: =IF(ISNUMBER(SEARCH("M", C63)), 1, 0) -> 0 | I63: =VLOOKUP(B63,Sheet1!$A:$E,5,FALSE) -> บจก.ซี.แอล.คอนกรีต
A64: 3-West | B64: FC248 | C64: สองพี่น้อง | D64: =COUNTIF(L1L2!$M:$M,$B64) -> 4 | E64: =COUNTIFS(L1L2!$M:$M,$B64,L1L2!$L:$L,$E$1) -> 4 | F64: =IF(AND(H64=1,D64>=2),9,IF(D64>=3,9,0)) -> 9 | G64: =IF(AND(H64=1,E64>=2),3,IF(E64>3,3,E64)) -> 3 | H64: =IF(ISNUMBER(SEARCH("M", C64)), 1, 0) -> 0 | I64: =VLOOKUP(B64,Sheet1!$A:$E,5,FALSE) -> บจก.ซี.แอล.คอนกรีต
A65: 3-West | B65: FC299 | C65: สองพี่น้อง 2 | D65: =COUNTIF(L1L2!$M:$M,$B65) -> 3 | E65: =COUNTIFS(L1L2!$M:$M,$B65,L1L2!$L:$L,$E$1) -> 3 | F65: =IF(AND(H65=1,D65>=2),9,IF(D65>=3,9,0)) -> 9 | G65: =IF(AND(H65=1,E65>=2),3,IF(E65>3,3,E65)) -> 3 | H65: =IF(ISNUMBER(SEARCH("M", C65)), 1, 0) -> 0 | I65: =VLOOKUP(B65,Sheet1!$A:$E,5,FALSE) -> บจก.ซี.แอล.คอนกรีต
A66: 5-NorthEast | B66: FC242 | C66: ภูเรือ | D66: =COUNTIF(L1L2!$M:$M,$B66) -> 3 | E66: =COUNTIFS(L1L2!$M:$M,$B66,L1L2!$L:$L,$E$1) -> 3 | F66: =IF(AND(H66=1,D66>=2),9,IF(D66>=3,9,0)) -> 9 | G66: =IF(AND(H66=1,E66>=2),3,IF(E66>3,3,E66)) -> 3 | H66: =IF(ISNUMBER(SEARCH("M", C66)), 1, 0) -> 0 | I66: =VLOOKUP(B66,Sheet1!$A:$E,5,FALSE) -> บจก.ซี.ซี.คอนกรีต
A67: 5-NorthEast | B67: FC337 | C67: M เชียงคาน | D67: =COUNTIF(L1L2!$M:$M,$B67) -> 2 | E67: =COUNTIFS(L1L2!$M:$M,$B67,L1L2!$L:$L,$E$1) -> 2 | F67: =IF(AND(H67=1,D67>=2),9,IF(D67>=3,9,0)) -> 9 | G67: =IF(AND(H67=1,E67>=2),3,IF(E67>3,3,E67)) -> 3 | H67: =IF(ISNUMBER(SEARCH("M", C67)), 1, 0) -> 1 | I67: =VLOOKUP(B67,Sheet1!$A:$E,5,FALSE) -> บจก.ซี.ซี.คอนกรีต
A68: 5-NorthEast | B68: ZZP6 | C68: เมืองเลย 2 Type N | D68: =COUNTIF(L1L2!$M:$M,$B68) -> 4 | E68: =COUNTIFS(L1L2!$M:$M,$B68,L1L2!$L:$L,$E$1) -> 4 | F68: =IF(AND(H68=1,D68>=2),9,IF(D68>=3,9,0)) -> 9 | G68: =IF(AND(H68=1,E68>=2),3,IF(E68>3,3,E68)) -> 3 | H68: =IF(ISNUMBER(SEARCH("M", C68)), 1, 0) -> 0 | I68: =VLOOKUP(B68,Sheet1!$A:$E,5,FALSE) -> บจก.ซี.ซี.คอนกรีต
A69: 4-North | B69: FC194 | C69: พาน | D69: =COUNTIF(L1L2!$M:$M,$B69) -> 4 | E69: =COUNTIFS(L1L2!$M:$M,$B69,L1L2!$L:$L,$E$1) -> 4 | F69: =IF(AND(H69=1,D69>=2),9,IF(D69>=3,9,0)) -> 9 | G69: =IF(AND(H69=1,E69>=2),3,IF(E69>3,3,E69)) -> 3 | H69: =IF(ISNUMBER(SEARCH("M", C69)), 1, 0) -> 0 | I69: =VLOOKUP(B69,Sheet1!$A:$E,5,FALSE) -> บจก.ซีแมทคอนกรีต
A70: 4-North | B70: FC195 | C70: เวียงป่าเป้า | D70: =COUNTIF(L1L2!$M:$M,$B70) -> 3 | E70: =COUNTIFS(L1L2!$M:$M,$B70,L1L2!$L:$L,$E$1) -> 3 | F70: =IF(AND(H70=1,D70>=2),9,IF(D70>=3,9,0)) -> 9 | G70: =IF(AND(H70=1,E70>=2),3,IF(E70>3,3,E70)) -> 3 | H70: =IF(ISNUMBER(SEARCH("M", C70)), 1, 0) -> 0 | I70: =VLOOKUP(B70,Sheet1!$A:$E,5,FALSE) -> บจก.ซีแมทคอนกรีต
A71: 4-North | B71: FC247 | C71: แม่สรวย | D71: =COUNTIF(L1L2!$M:$M,$B71) -> 3 | E71: =COUNTIFS(L1L2!$M:$M,$B71,L1L2!$L:$L,$E$1) -> 3 | F71: =IF(AND(H71=1,D71>=2),9,IF(D71>=3,9,0)) -> 9 | G71: =IF(AND(H71=1,E71>=2),3,IF(E71>3,3,E71)) -> 3 | H71: =IF(ISNUMBER(SEARCH("M", C71)), 1, 0) -> 0 | I71: =VLOOKUP(B71,Sheet1!$A:$E,5,FALSE) -> บจก.ซีแมทคอนกรีต
... A112: 6-South | B112: FC295 | C112: บางสวรรค์ 3 | D112: =COUNTIF(L1L2!$M:$M,$B112) -> 3 | E112: =COUNTIFS(L1L2!$M:$M,$B112,L1L2!$L:$L,$E$1) -> 3 | F112: =IF(AND(H112=1,D112>=2),9,IF(D112>=3,9,0)) -> 9 | G112: =IF(AND(H112=1,E112>=2),3,IF(E112>3,3,E112)) -> 3 | H112: =IF(ISNUMBER(SEARCH("M", C112)), 1, 0) -> 0 | I112: =VLOOKUP(B112,Sheet1!$A:$E,5,FALSE) -> บจก.ปัญญามาตรฐานคอนกรีต
A113: 6-South | B113: FC356 | C113: นาสาร 2 | D113: =COUNTIF(L1L2!$M:$M,$B113) -> 1 | E113: =COUNTIFS(L1L2!$M:$M,$B113,L1L2!$L:$L,$E$1) -> 1 | F113: =IF(AND(H113=1,D113>=2),9,IF(D113>=3,9,0)) -> 0 | G113: =IF(AND(H113=1,E113>=2),3,IF(E113>3,3,E113)) -> 1 | H113: =IF(ISNUMBER(SEARCH("M", C113)), 1, 0) -> 0 | I113: =VLOOKUP(B113,Sheet1!$A:$E,5,FALSE) -> บจก.ปัญญามาตรฐานคอนกรีต | J113: นาสาร
A114: 6-South | B114: FC396 | C114: เวียงสระ | D114: =COUNTIF(L1L2!$M:$M,$B114) -> 3 | E114: =COUNTIFS(L1L2!$M:$M,$B114,L1L2!$L:$L,$E$1) -> 3 | F114: =IF(AND(H114=1,D114>=2),9,IF(D114>=3,9,0)) -> 9 | G114: =IF(AND(H114=1,E114>=2),3,IF(E114>3,3,E114)) -> 3 | H114: =IF(ISNUMBER(SEARCH("M", C114)), 1, 0) -> 0 | I114: =VLOOKUP(B114,Sheet1!$A:$E,5,FALSE) -> บจก.ปัญญามาตรฐานคอนกรีต
A115: 6-South | B115: FC127 | C115: ปัตตานี | D115: =COUNTIF(L1L2!$M:$M,$B115) -> 3 | E115: =COUNTIFS(L1L2!$M:$M,$B115,L1L2!$L:$L,$E$1) -> 3 | F115: =IF(AND(H115=1,D115>=2),9,IF(D115>=3,9,0)) -> 9 | G115: =IF(AND(H115=1,E115>=2),3,IF(E115>3,3,E115)) -> 3 | H115: =IF(ISNUMBER(SEARCH("M", C115)), 1, 0) -> 0 | I115: =VLOOKUP(B115,Sheet1!$A:$E,5,FALSE) -> บจก.ปัตตานีคอนกรีต
A116: 6-South | B116: FC166 | C116: บ่อทอง | D116: =COUNTIF(L1L2!$M:$M,$B116) -> 3 | E116: =COUNTIFS(L1L2!$M:$M,$B116,L1L2!$L:$L,$E$1) -> 3 | F116: =IF(AND(H116=1,D116>=2),9,IF(D116>=3,9,0)) -> 9 | G116: =IF(AND(H116=1,E116>=2),3,IF(E116>3,3,E116)) -> 3 | H116: =IF(ISNUMBER(SEARCH("M", C116)), 1, 0) -> 0 | I116: =VLOOKUP(B116,Sheet1!$A:$E,5,FALSE) -> บจก.ปัตตานีคอนกรีต
A117: 6-South | B117: 3165 | C117: ผาหลวงคอนกรีต (N) | D117: =COUNTIF(L1L2!$M:$M,$B117) -> 2 | E117: =COUNTIFS(L1L2!$M:$M,$B117,L1L2!$L:$L,$E$1) -> 2 | F117: =IF(AND(H117=1,D117>=2),9,IF(D117>=3,9,0)) -> 0 | G117: =IF(AND(H117=1,E117>=2),3,IF(E117>3,3,E117)) -> 2 | H117: =IF(ISNUMBER(SEARCH("M", C117)), 1, 0) -> 0 | I117: =VLOOKUP(B117,Sheet1!$A:$E,5,FALSE) -> บจก.ผาหลวงคอนกรีต
A118: 6-South | B118: 3166 | C118: ผาหลวง 2(N) | D118: =COUNTIF(L1L2!$M:$M,$B118) -> 1 | E118: =COUNTIFS(L1L2!$M:$M,$B118,L1L2!$L:$L,$E$1) -> 1 | F118: =IF(AND(H118=1,D118>=2),9,IF(D118>=3,9,0)) -> 0 | G118: =IF(AND(H118=1,E118>=2),3,IF(E118>3,3,E118)) -> 1 | H118: =IF(ISNUMBER(SEARCH("M", C118)), 1, 0) -> 0 | I118: =VLOOKUP(B118,Sheet1!$A:$E,5,FALSE) -> บจก.ผาหลวงคอนกรีต
A119: 5-NorthEast | B119: FC325 | C119: เพ็ญ | D119: =COUNTIF(L1L2!$M:$M,$B119) -> 3 | E119: =COUNTIFS(L1L2!$M:$M,$B119,L1L2!$L:$L,$E$1) -> 3 | F119: =IF(AND(H119=1,D119>=2),9,IF(D119>=3,9,0)) -> 9 | G119: =IF(AND(H119=1,E119>=2),3,IF(E119>3,3,E119)) -> 3 | H119: =IF(ISNUMBER(SEARCH("M", C119)), 1, 0) -> 0 | I119: =VLOOKUP(B119,Sheet1!$A:$E,5,FALSE) -> บจก.พี เอ็น คอนกรีต
A120: 2-East | B120: FC228 | C120: พนัสนิคม | D120: =COUNTIF(L1L2!$M:$M,$B120) -> 3 | E120: =COUNTIFS(L1L2!$M:$M,$B120,L1L2!$L:$L,$E$1) -> 3 | F120: =IF(AND(H120=1,D120>=2),9,IF(D120>=3,9,0)) -> 9 | G120: =IF(AND(H120=1,E120>=2),3,IF(E120>3,3,E120)) -> 3 | H120: =IF(ISNUMBER(SEARCH("M", C120)), 1, 0) -> 0 | I120: =VLOOKUP(B120,Sheet1!$A:$E,5,FALSE) -> บจก.พี.เอส.ดี.คอนกรีตโปรดักส์
A121: 2-East | B121: FC388 | C121: หมอนนาง | D121: =COUNTIF(L1L2!$M:$M,$B121) -> 4 | E121: =COUNTIFS(L1L2!$M:$M,$B121,L1L2!$L:$L,$E$1) -> 2 | F121: =IF(AND(H121=1,D121>=2),9,IF(D121>=3,9,0)) -> 9 | G121: =IF(AND(H121=1,E121>=2),3,IF(E121>3,3,E121)) -> 2 | H121: =IF(ISNUMBER(SEARCH("M", C121)), 1, 0) -> 0 | I121: =VLOOKUP(B121,Sheet1!$A:$E,5,FALSE) -> บจก.พี.เอส.ดี.คอนกรีตโปรดักส์
A122: 6-South | B122: FC072 | C122: สิงหนคร | D122: =COUNTIF(L1L2!$M:$M,$B122) -> 3 | E122: =COUNTIFS(L1L2!$M:$M,$B122,L1L2!$L:$L,$E$1) -> 3 | F122: =IF(AND(H122=1,D122>=2),9,IF(D122>=3,9,0)) -> 9 | G122: =IF(AND(H122=1,E122>=2),3,IF(E122>3,3,E122)) -> 3 | H122: =IF(ISNUMBER(SEARCH("M", C122)), 1, 0) -> 0 | I122: =VLOOKUP(B122,Sheet1!$A:$E,5,FALSE) -> บจก.พีระวัฒน์คอนกรีต
A123: 6-South | B123: FC227 | C123: สะเดา | D123: =COUNTIF(L1L2!$M:$M,$B123) -> 3 | E123: =COUNTIFS(L1L2!$M:$M,$B123,L1L2!$L:$L,$E$1) -> 3 | F123: =IF(AND(H123=1,D123>=2),9,IF(D123>=3,9,0)) -> 9 | G123: =IF(AND(H123=1,E123>=2),3,IF(E123>3,3,E123)) -> 3 | H123: =IF(ISNUMBER(SEARCH("M", C123)), 1, 0) -> 0 | I123: =VLOOKUP(B123,Sheet1!$A:$E,5,FALSE) -> บจก.พีระวัฒน์คอนกรีต
A124: 6-South | B124: 3168 | C124: หนองขรี (N) | D124: =COUNTIF(L1L2!$M:$M,$B124) -> 3 | E124: =COUNTIFS(L1L2!$M:$M,$B124,L1L2!$L:$L,$E$1) -> 3 | F124: =IF(AND(H124=1,D124>=2),9,IF(D124>=3,9,0)) -> 9 | G124: =IF(AND(H124=1,E124>=2),3,IF(E124>3,3,E124)) -> 3 | H124: =IF(ISNUMBER(SEARCH("M", C124)), 1, 0) -> 0 | I124: =VLOOKUP(B124,Sheet1!$A:$E,5,FALSE) -> บจก.พุนพินมาตรฐานคอนกรีต
A125: 4-North | B125: FC094 | C125: บางระกำ | D125: =COUNTIF(L1L2!$M:$M,$B125) -> 4 | E125: =COUNTIFS(L1L2!$M:$M,$B125,L1L2!$L:$L,$E$1) -> 4 | F125: =IF(AND(H125=1,D125>=2),9,IF(D125>=3,9,0)) -> 9 | G125: =IF(AND(H125=1,E125>=2),3,IF(E125>3,3,E125)) -> 3 | H125: =IF(ISNUMBER(SEARCH("M", C125)), 1, 0) -> 0 | I125: =VLOOKUP(B125,Sheet1!$A:$E,5,FALSE) -> บจก.รุ่งวิชัยคอนกรีต
... A136: 2-East | B136: FC111 | C136: ดาวเรือง | D136: =COUNTIF(L1L2!$M:$M,$B136) -> 3 | E136: =COUNTIFS(L1L2!$M:$M,$B136,L1L2!$L:$L,$E$1) -> 3 | F136: =IF(AND(H136=1,D136>=2),9,IF(D136>=3,9,0)) -> 9 | G136: =IF(AND(H136=1,E136>=2),3,IF(E136>3,3,E136)) -> 3 | H136: =IF(ISNUMBER(SEARCH("M", C136)), 1, 0) -> 0 | I136: =VLOOKUP(B136,Sheet1!$A:$E,5,FALSE) -> บจก.ศุภภัณฑ์คอนกรีต
A137: 6-South | B137: FC082 | C137: สตูล | D137: =COUNTIF(L1L2!$M:$M,$B137) -> 3 | E137: =COUNTIFS(L1L2!$M:$M,$B137,L1L2!$L:$L,$E$1) -> 3 | F137: =IF(AND(H137=1,D137>=2),9,IF(D137>=3,9,0)) -> 9 | G137: =IF(AND(H137=1,E137>=2),3,IF(E137>3,3,E137)) -> 3 | H137: =IF(ISNUMBER(SEARCH("M", C137)), 1, 0) -> 0 | I137: =VLOOKUP(B137,Sheet1!$A:$E,5,FALSE) -> บจก.สตูลผลิตภัณฑ์คอนกรีต | J137: สะตูล 5 คน 2 โรงงาน
A138: 6-South | B138: FC210 | C138: ละงู | D138: =COUNTIF(L1L2!$M:$M,$B138) -> 3 | E138: =COUNTIFS(L1L2!$M:$M,$B138,L1L2!$L:$L,$E$1) -> 3 | F138: =IF(AND(H138=1,D138>=2),9,IF(D138>=3,9,0)) -> 9 | G138: =IF(AND(H138=1,E138>=2),3,IF(E138>3,3,E138)) -> 3 | H138: =IF(ISNUMBER(SEARCH("M", C138)), 1, 0) -> 0 | I138: =VLOOKUP(B138,Sheet1!$A:$E,5,FALSE) -> บจก.สตูลผลิตภัณฑ์คอนกรีต
A139: 5-NorthEast | B139: FC321 | C139: แวงน้อย | D139: =COUNTIF(L1L2!$M:$M,$B139) -> 2 | E139: =COUNTIFS(L1L2!$M:$M,$B139,L1L2!$L:$L,$E$1) -> 2 | F139: =IF(AND(H139=1,D139>=2),9,IF(D139>=3,9,0)) -> 0 | G139: =IF(AND(H139=1,E139>=2),3,IF(E139>3,3,E139)) -> 2 | H139: =IF(ISNUMBER(SEARCH("M", C139)), 1, 0) -> 0 | I139: =VLOOKUP(B139,Sheet1!$A:$E,5,FALSE) -> บจก.สมยงคอนกรีต
A140: 1-Metro | B140: FC139 | C140: คลอง 11 | D140: =COUNTIF(L1L2!$M:$M,$B140) -> 3 | E140: =COUNTIFS(L1L2!$M:$M,$B140,L1L2!$L:$L,$E$1) -> 3 | F140: =IF(AND(H140=1,D140>=2),9,IF(D140>=3,9,0)) -> 9 | G140: =IF(AND(H140=1,E140>=2),3,IF(E140>3,3,E140)) -> 3 | H140: =IF(ISNUMBER(SEARCH("M", C140)), 1, 0) -> 0 | I140: =VLOOKUP(B140,Sheet1!$A:$E,5,FALSE) -> บจก.สหชัยธุรกิจก่อสร้าง 1993
A141: 2-East | B141: FC046 | C141: วังม่วง | D141: =COUNTIF(L1L2!$M:$M,$B141) -> 4 | E141: =COUNTIFS(L1L2!$M:$M,$B141,L1L2!$L:$L,$E$1) -> 4 | F141: =IF(AND(H141=1,D141>=2),9,IF(D141>=3,9,0)) -> 9 | G141: =IF(AND(H141=1,E141>=2),3,IF(E141>3,3,E141)) -> 3 | H141: =IF(ISNUMBER(SEARCH("M", C141)), 1, 0) -> 0 | I141: =VLOOKUP(B141,Sheet1!$A:$E,5,FALSE) -> บจก.สหชัยธุรกิจก่อสร้าง 1993
A142: 2-East | B142: FC095 | C142: มวกเหล็ก | D142: =COUNTIF(L1L2!$M:$M,$B142) -> 5 | E142: =COUNTIFS(L1L2!$M:$M,$B142,L1L2!$L:$L,$E$1) -> 4 | F142: =IF(AND(H142=1,D142>=2),9,IF(D142>=3,9,0)) -> 9 | G142: =IF(AND(H142=1,E142>=2),3,IF(E142>3,3,E142)) -> 3 | H142: =IF(ISNUMBER(SEARCH("M", C142)), 1, 0) -> 0 | I142: =VLOOKUP(B142,Sheet1!$A:$E,5,FALSE) -> บจก.สหชัยธุรกิจก่อสร้าง 1993
A143: 2-East | B143: FC175 | C143: พัฒนานิคม | D143: =COUNTIF(L1L2!$M:$M,$B143) -> 4 | E143: =COUNTIFS(L1L2!$M:$M,$B143,L1L2!$L:$L,$E$1) -> 3 | F143: =IF(AND(H143=1,D143>=2),9,IF(D143>=3,9,0)) -> 9 | G143: =IF(AND(H143=1,E143>=2),3,IF(E143>3,3,E143)) -> 3 | H143: =IF(ISNUMBER(SEARCH("M", C143)), 1, 0) -> 0 | I143: =VLOOKUP(B143,Sheet1!$A:$E,5,FALSE) -> บจก.สหชัยธุรกิจก่อสร้าง 1993
A144: 2-East | B144: FC390 | C144: โคกสำโรง | D144: =COUNTIF(L1L2!$M:$M,$B144) -> 4 | E144: =COUNTIFS(L1L2!$M:$M,$B144,L1L2!$L:$L,$E$1) -> 3 | F144: =IF(AND(H144=1,D144>=2),9,IF(D144>=3,9,0)) -> 9 | G144: =IF(AND(H144=1,E144>=2),3,IF(E144>3,3,E144)) -> 3 | H144: =IF(ISNUMBER(SEARCH("M", C144)), 1, 0) -> 0 | I144: =VLOOKUP(B144,Sheet1!$A:$E,5,FALSE) -> บจก.สหชัยธุรกิจก่อสร้าง 1993
A145: 5-NorthEast | B145: ZZP9 | C145: นครพนม 3 (N) | D145: =COUNTIF(L1L2!$M:$M,$B145) -> 4 | E145: =COUNTIFS(L1L2!$M:$M,$B145,L1L2!$L:$L,$E$1) -> 4 | F145: =IF(AND(H145=1,D145>=2),9,IF(D145>=3,9,0)) -> 9 | G145: =IF(AND(H145=1,E145>=2),3,IF(E145>3,3,E145)) -> 3 | H145: =IF(ISNUMBER(SEARCH("M", C145)), 1, 0) -> 0 | I145: =VLOOKUP(B145,Sheet1!$A:$E,5,FALSE) -> บจก.สิริพัฒน์ บิวดิ้ง
A146: 2-East | B146: FC071 | C146: ปลวกแดง | D146: =COUNTIF(L1L2!$M:$M,$B146) -> 5 | E146: =COUNTIFS(L1L2!$M:$M,$B146,L1L2!$L:$L,$E$1) -> 3 | F146: =IF(AND(H146=1,D146>=2),9,IF(D146>=3,9,0)) -> 9 | G146: =IF(AND(H146=1,E146>=2),3,IF(E146>3,3,E146)) -> 3 | H146: =IF(ISNUMBER(SEARCH("M", C146)), 1, 0) -> 0 | I146: =VLOOKUP(B146,Sheet1!$A:$E,5,FALSE) -> บจก.หนองใหญ่คอนกรีต
A147: 2-East | B147: FC256 | C147: บ้านบึง2 | D147: =COUNTIF(L1L2!$M:$M,$B147) -> 4 | E147: =COUNTIFS(L1L2!$M:$M,$B147,L1L2!$L:$L,$E$1) -> 3 | F147: =IF(AND(H147=1,D147>=2),9,IF(D147>=3,9,0)) -> 9 | G147: =IF(AND(H147=1,E147>=2),3,IF(E147>3,3,E147)) -> 3 | H147: =IF(ISNUMBER(SEARCH("M", C147)), 1, 0) -> 0 | I147: =VLOOKUP(B147,Sheet1!$A:$E,5,FALSE) -> บจก.หนองใหญ่คอนกรีต
A148: 2-East | B148: FC272 | C148: หนองใหญ่ 2 | D148: =COUNTIF(L1L2!$M:$M,$B148) -> 5 | E148: =COUNTIFS(L1L2!$M:$M,$B148,L1L2!$L:$L,$E$1) -> 3 | F148: =IF(AND(H148=1,D148>=2),9,IF(D148>=3,9,0)) -> 9 | G148: =IF(AND(H148=1,E148>=2),3,IF(E148>3,3,E148)) -> 3 | H148: =IF(ISNUMBER(SEARCH("M", C148)), 1, 0) -> 0 | I148: =VLOOKUP(B148,Sheet1!$A:$E,5,FALSE) -> บจก.หนองใหญ่คอนกรีต
A149: 2-East | B149: FC300 | C149: หนองไผ่แก้ว | D149: =COUNTIF(L1L2!$M:$M,$B149) -> 5 | E149: =COUNTIFS(L1L2!$M:$M,$B149,L1L2!$L:$L,$E$1) -> 3 | F149: =IF(AND(H149=1,D149>=2),9,IF(D149>=3,9,0)) -> 9 | G149: =IF(AND(H149=1,E149>=2),3,IF(E149>3,3,E149)) -> 3 | H149: =IF(ISNUMBER(SEARCH("M", C149)), 1, 0) -> 0 | I149: =VLOOKUP(B149,Sheet1!$A:$E,5,FALSE) -> บจก.หนองใหญ่คอนกรีต
... A169: 5-NorthEast | B169: FC063 | C169: ปากช่อง 2 | D169: =COUNTIF(L1L2!$M:$M,$B169) -> 3 | E169: =COUNTIFS(L1L2!$M:$M,$B169,L1L2!$L:$L,$E$1) -> 3 | F169: =IF(AND(H169=1,D169>=2),9,IF(D169>=3,9,0)) -> 9 | G169: =IF(AND(H169=1,E169>=2),3,IF(E169>3,3,E169)) -> 3 | H169: =IF(ISNUMBER(SEARCH("M", C169)), 1, 0) -> 0 | I169: =VLOOKUP(B169,Sheet1!$A:$E,5,FALSE) -> หจก.เจริญพัฒนา
A170: 5-NorthEast | B170: FC160 | C170: ปากช่อง 3 | D170: =COUNTIF(L1L2!$M:$M,$B170) -> 3 | E170: =COUNTIFS(L1L2!$M:$M,$B170,L1L2!$L:$L,$E$1) -> 3 | F170: =IF(AND(H170=1,D170>=2),9,IF(D170>=3,9,0)) -> 9 | G170: =IF(AND(H170=1,E170>=2),3,IF(E170>3,3,E170)) -> 3 | H170: =IF(ISNUMBER(SEARCH("M", C170)), 1, 0) -> 0 | I170: =VLOOKUP(B170,Sheet1!$A:$E,5,FALSE) -> หจก.เจริญพัฒนา | J170: ปากช่อง 5 คน 2 โรงงาน
A171: 5-NorthEast | B171: FC291 | C171: FC ละหานทราย | D171: =COUNTIF(L1L2!$M:$M,$B171) -> 3 | E171: =COUNTIFS(L1L2!$M:$M,$B171,L1L2!$L:$L,$E$1) -> 3 | F171: =IF(AND(H171=1,D171>=2),9,IF(D171>=3,9,0)) -> 9 | G171: =IF(AND(H171=1,E171>=2),3,IF(E171>3,3,E171)) -> 3 | H171: =IF(ISNUMBER(SEARCH("M", C171)), 1, 0) -> 0 | I171: =VLOOKUP(B171,Sheet1!$A:$E,5,FALSE) -> หจก.เจริญศิลป์เคหะละหานทราย
A172: 5-NorthEast | B172: FC344 | C172: ปะคำ | D172: =COUNTIF(L1L2!$M:$M,$B172) -> 2 | E172: =COUNTIFS(L1L2!$M:$M,$B172,L1L2!$L:$L,$E$1) -> 2 | F172: =IF(AND(H172=1,D172>=2),9,IF(D172>=3,9,0)) -> 0 | G172: =IF(AND(H172=1,E172>=2),3,IF(E172>3,3,E172)) -> 2 | H172: =IF(ISNUMBER(SEARCH("M", C172)), 1, 0) -> 0 | I172: =VLOOKUP(B172,Sheet1!$A:$E,5,FALSE) -> หจก.เจริญศิลป์เคหะละหานทราย
A173: 4-North | B173: FC219 | C173: เชียงคำ | D173: =COUNTIF(L1L2!$M:$M,$B173) -> 3 | E173: =COUNTIFS(L1L2!$M:$M,$B173,L1L2!$L:$L,$E$1) -> 3 | F173: =IF(AND(H173=1,D173>=2),9,IF(D173>=3,9,0)) -> 9 | G173: =IF(AND(H173=1,E173>=2),3,IF(E173>3,3,E173)) -> 3 | H173: =IF(ISNUMBER(SEARCH("M", C173)), 1, 0) -> 0 | I173: =VLOOKUP(B173,Sheet1!$A:$E,5,FALSE) -> หจก.เชียงคำคอนกรีต(2011)
A174: 5-NorthEast | B174: FC189 | C174: ตระการพืชผล | D174: =COUNTIF(L1L2!$M:$M,$B174) -> 4 | E174: =COUNTIFS(L1L2!$M:$M,$B174,L1L2!$L:$L,$E$1) -> 4 | F174: =IF(AND(H174=1,D174>=2),9,IF(D174>=3,9,0)) -> 9 | G174: =IF(AND(H174=1,E174>=2),3,IF(E174>3,3,E174)) -> 3 | H174: =IF(ISNUMBER(SEARCH("M", C174)), 1, 0) -> 0 | I174: =VLOOKUP(B174,Sheet1!$A:$E,5,FALSE) -> หจก.เนรมิตวัสดุก่อสร้าง
A175: 5-NorthEast | B175: FC222 | C175: เขมราฐ | D175: =COUNTIF(L1L2!$M:$M,$B175) -> 3 | E175: =COUNTIFS(L1L2!$M:$M,$B175,L1L2!$L:$L,$E$1) -> 3 | F175: =IF(AND(H175=1,D175>=2),9,IF(D175>=3,9,0)) -> 9 | G175: =IF(AND(H175=1,E175>=2),3,IF(E175>3,3,E175)) -> 3 | H175: =IF(ISNUMBER(SEARCH("M", C175)), 1, 0) -> 0 | I175: =VLOOKUP(B175,Sheet1!$A:$E,5,FALSE) -> หจก.เนรมิตวัสดุก่อสร้าง
A176: 5-NorthEast | B176: FC334 | C176: บ้านม่วง | D176: =COUNTIF(L1L2!$M:$M,$B176) -> 3 | E176: =COUNTIFS(L1L2!$M:$M,$B176,L1L2!$L:$L,$E$1) -> 2 | F176: =IF(AND(H176=1,D176>=2),9,IF(D176>=3,9,0)) -> 9 | G176: =IF(AND(H176=1,E176>=2),3,IF(E176>3,3,E176)) -> 2 | H176: =IF(ISNUMBER(SEARCH("M", C176)), 1, 0) -> 0 | I176: =VLOOKUP(B176,Sheet1!$A:$E,5,FALSE) -> หจก.เนินปัญญา ก่อสร้าง
A177: 1-Metro | B177: 31EF | C177: นพวงศ์(N) | D177: =COUNTIF(L1L2!$M:$M,$B177) -> 3 | E177: =COUNTIFS(L1L2!$M:$M,$B177,L1L2!$L:$L,$E$1) -> 3 | F177: =IF(AND(H177=1,D177>=2),9,IF(D177>=3,9,0)) -> 9 | G177: =IF(AND(H177=1,E177>=2),3,IF(E177>3,3,E177)) -> 3 | H177: =IF(ISNUMBER(SEARCH("M", C177)), 1, 0) -> 0 | I177: =VLOOKUP(B177,Sheet1!$A:$E,5,FALSE) -> หจก.เพาเวอร์ แลนด์ คอนกรีต
A178: 4-North | B178: FC146 | C178: ฝาง 2 | D178: =COUNTIF(L1L2!$M:$M,$B178) -> 4 | E178: =COUNTIFS(L1L2!$M:$M,$B178,L1L2!$L:$L,$E$1) -> 3 | F178: =IF(AND(H178=1,D178>=2),9,IF(D178>=3,9,0)) -> 9 | G178: =IF(AND(H178=1,E178>=2),3,IF(E178>3,3,E178)) -> 3 | H178: =IF(ISNUMBER(SEARCH("M", C178)), 1, 0) -> 0 | I178: =VLOOKUP(B178,Sheet1!$A:$E,5,FALSE) -> หจก.เรืองชัยคอนกรีต
A179: 4-North | B179: FC276 | C179: ไชยปราการ | D179: =COUNTIF(L1L2!$M:$M,$B179) -> 3 | E179: =COUNTIFS(L1L2!$M:$M,$B179,L1L2!$L:$L,$E$1) -> 3 | F179: =IF(AND(H179=1,D179>=2),9,IF(D179>=3,9,0)) -> 9 | G179: =IF(AND(H179=1,E179>=2),3,IF(E179>3,3,E179)) -> 3 | H179: =IF(ISNUMBER(SEARCH("M", C179)), 1, 0) -> 0 | I179: =VLOOKUP(B179,Sheet1!$A:$E,5,FALSE) -> หจก.เรืองชัยคอนกรีต
A180: 4-North | B180: FC322 | C180: ฝาง-สันทราย | D180: =COUNTIF(L1L2!$M:$M,$B180) -> 3 | E180: =COUNTIFS(L1L2!$M:$M,$B180,L1L2!$L:$L,$E$1) -> 3 | F180: =IF(AND(H180=1,D180>=2),9,IF(D180>=3,9,0)) -> 9 | G180: =IF(AND(H180=1,E180>=2),3,IF(E180>3,3,E180)) -> 3 | H180: =IF(ISNUMBER(SEARCH("M", C180)), 1, 0) -> 0 | I180: =VLOOKUP(B180,Sheet1!$A:$E,5,FALSE) -> หจก.เรืองชัยคอนกรีต
A181: 4-North | B181: 19AP | C181: ร้องกวาง (Co-Area) | D181: =COUNTIF(L1L2!$M:$M,$B181) -> 3 | E181: =COUNTIFS(L1L2!$M:$M,$B181,L1L2!$L:$L,$E$1) -> 1 | F181: =IF(AND(H181=1,D181>=2),9,IF(D181>=3,9,0)) -> 9 | G181: =IF(AND(H181=1,E181>=2),3,IF(E181>3,3,E181)) -> 1 | H181: =IF(ISNUMBER(SEARCH("M", C181)), 1, 0) -> 0 | I181: =VLOOKUP(B181,Sheet1!$A:$E,5,FALSE) -> หจก.เอ็นพี วัสดุก่อสร้าง
A182: 4-North | B182: FC403 | C182: เวียงสา2 M | D182: =COUNTIF(L1L2!$M:$M,$B182) -> 3 | E182: =COUNTIFS(L1L2!$M:$M,$B182,L1L2!$L:$L,$E$1) -> 2 | F182: =IF(AND(H182=1,D182>=2),9,IF(D182>=3,9,0)) -> 9 | G182: =IF(AND(H182=1,E182>=2),3,IF(E182>3,3,E182)) -> 3 | H182: =IF(ISNUMBER(SEARCH("M", C182)), 1, 0) -> 1 | I182: =VLOOKUP(B182,Sheet1!$A:$E,5,FALSE) -> หจก.เอ็นพี วัสดุก่อสร้าง
... A189: 6-South | B189: FC006 | C189: ขนอม | D189: =COUNTIF(L1L2!$M:$M,$B189) -> 3 | E189: =COUNTIFS(L1L2!$M:$M,$B189,L1L2!$L:$L,$E$1) -> 3 | F189: =IF(AND(H189=1,D189>=2),9,IF(D189>=3,9,0)) -> 9 | G189: =IF(AND(H189=1,E189>=2),3,IF(E189>3,3,E189)) -> 3 | H189: =IF(ISNUMBER(SEARCH("M", C189)), 1, 0) -> 0 | I189: =VLOOKUP(B189,Sheet1!$A:$E,5,FALSE) -> หจก.ขนอมคอนกรีต 2000
A190: 6-South | B190: FC213 | C190: สิชล | D190: =COUNTIF(L1L2!$M:$M,$B190) -> 3 | E190: =COUNTIFS(L1L2!$M:$M,$B190,L1L2!$L:$L,$E$1) -> 3 | F190: =IF(AND(H190=1,D190>=2),9,IF(D190>=3,9,0)) -> 9 | G190: =IF(AND(H190=1,E190>=2),3,IF(E190>3,3,E190)) -> 3 | H190: =IF(ISNUMBER(SEARCH("M", C190)), 1, 0) -> 0 | I190: =VLOOKUP(B190,Sheet1!$A:$E,5,FALSE) -> หจก.ขนอมคอนกรีต 2000 | J190: ขนอม 5 คน 2 โรงงาน
A191: 5-NorthEast | B191: FC188 | C191: เลิงนกทา | D191: =COUNTIF(L1L2!$M:$M,$B191) -> 5 | E191: =COUNTIFS(L1L2!$M:$M,$B191,L1L2!$L:$L,$E$1) -> 5 | F191: =IF(AND(H191=1,D191>=2),9,IF(D191>=3,9,0)) -> 9 | G191: =IF(AND(H191=1,E191>=2),3,IF(E191>3,3,E191)) -> 3 | H191: =IF(ISNUMBER(SEARCH("M", C191)), 1, 0) -> 0 | I191: =VLOOKUP(B191,Sheet1!$A:$E,5,FALSE) -> หจก.ขุนคลังคอนกรีต
A192: 4-North | B192: FC118 | C192: บ้านไร่ 1 | D192: =COUNTIF(L1L2!$M:$M,$B192) -> 3 | E192: =COUNTIFS(L1L2!$M:$M,$B192,L1L2!$L:$L,$E$1) -> 3 | F192: =IF(AND(H192=1,D192>=2),9,IF(D192>=3,9,0)) -> 9 | G192: =IF(AND(H192=1,E192>=2),3,IF(E192>3,3,E192)) -> 3 | H192: =IF(ISNUMBER(SEARCH("M", C192)), 1, 0) -> 0 | I192: =VLOOKUP(B192,Sheet1!$A:$E,5,FALSE) -> หจก.คณฑาทองการโยธา
A193: 4-North | B193: FC178 | C193: บ้านไร่ 2 | D193: =COUNTIF(L1L2!$M:$M,$B193) -> 3 | E193: =COUNTIFS(L1L2!$M:$M,$B193,L1L2!$L:$L,$E$1) -> 3 | F193: =IF(AND(H193=1,D193>=2),9,IF(D193>=3,9,0)) -> 9 | G193: =IF(AND(H193=1,E193>=2),3,IF(E193>3,3,E193)) -> 3 | H193: =IF(ISNUMBER(SEARCH("M", C193)), 1, 0) -> 0 | I193: =VLOOKUP(B193,Sheet1!$A:$E,5,FALSE) -> หจก.คณฑาทองการโยธา
A194: 5-NorthEast | B194: FC022 | C194: สว่างแดนดิน | D194: =COUNTIF(L1L2!$M:$M,$B194) -> 3 | E194: =COUNTIFS(L1L2!$M:$M,$B194,L1L2!$L:$L,$E$1) -> 3 | F194: =IF(AND(H194=1,D194>=2),9,IF(D194>=3,9,0)) -> 9 | G194: =IF(AND(H194=1,E194>=2),3,IF(E194>3,3,E194)) -> 3 | H194: =IF(ISNUMBER(SEARCH("M", C194)), 1, 0) -> 0 | I194: =VLOOKUP(B194,Sheet1!$A:$E,5,FALSE) -> หจก.คอนกรีตรุ่งโรจน์
A195: 2-East | B195: FC015 | C195: บ้านหมี่ | D195: =COUNTIF(L1L2!$M:$M,$B195) -> 3 | E195: =COUNTIFS(L1L2!$M:$M,$B195,L1L2!$L:$L,$E$1) -> 3 | F195: =IF(AND(H195=1,D195>=2),9,IF(D195>=3,9,0)) -> 9 | G195: =IF(AND(H195=1,E195>=2),3,IF(E195>3,3,E195)) -> 3 | H195: =IF(ISNUMBER(SEARCH("M", C195)), 1, 0) -> 0 | I195: =VLOOKUP(B195,Sheet1!$A:$E,5,FALSE) -> หจก.งามยิ่งเจริญคอนกรีต
A196: 3-West | B196: FC197 | C196: สรรคบุรี | D196: =COUNTIF(L1L2!$M:$M,$B196) -> 3 | E196: =COUNTIFS(L1L2!$M:$M,$B196,L1L2!$L:$L,$E$1) -> 3 | F196: =IF(AND(H196=1,D196>=2),9,IF(D196>=3,9,0)) -> 9 | G196: =IF(AND(H196=1,E196>=2),3,IF(E196>3,3,E196)) -> 3 | H196: =IF(ISNUMBER(SEARCH("M", C196)), 1, 0) -> 0 | I196: =VLOOKUP(B196,Sheet1!$A:$E,5,FALSE) -> หจก.งามยิ่งเจริญคอนกรีต
A197: 4-North | B197: FC240 | C197: ทรัพย์ไพรวัลย์ | D197: =COUNTIF(L1L2!$M:$M,$B197) -> 4 | E197: =COUNTIFS(L1L2!$M:$M,$B197,L1L2!$L:$L,$E$1) -> 4 | F197: =IF(AND(H197=1,D197>=2),9,IF(D197>=3,9,0)) -> 9 | G197: =IF(AND(H197=1,E197>=2),3,IF(E197>3,3,E197)) -> 3 | H197: =IF(ISNUMBER(SEARCH("M", C197)), 1, 0) -> 0 | I197: =VLOOKUP(B197,Sheet1!$A:$E,5,FALSE) -> หจก.จรูญคอนกรีต
A198: 4-North | B198: FC172 | C198: งาว | D198: =COUNTIF(L1L2!$M:$M,$B198) -> 4 | E198: =COUNTIFS(L1L2!$M:$M,$B198,L1L2!$L:$L,$E$1) -> 4 | F198: =IF(AND(H198=1,D198>=2),9,IF(D198>=3,9,0)) -> 9 | G198: =IF(AND(H198=1,E198>=2),3,IF(E198>3,3,E198)) -> 3 | H198: =IF(ISNUMBER(SEARCH("M", C198)), 1, 0) -> 0 | I198: =VLOOKUP(B198,Sheet1!$A:$E,5,FALSE) -> หจก.จักรภัทรคอนกรีต
A199: 5-NorthEast | B199: 14IU | C199: พล (X2) | D199: =COUNTIF(L1L2!$M:$M,$B199) -> 1 | E199: =COUNTIFS(L1L2!$M:$M,$B199,L1L2!$L:$L,$E$1) -> 0 | F199: =IF(AND(H199=1,D199>=2),9,IF(D199>=3,9,0)) -> 0 | G199: =IF(AND(H199=1,E199>=2),3,IF(E199>3,3,E199)) -> 0 | H199: =IF(ISNUMBER(SEARCH("M", C199)), 1, 0) -> 0 | I199: =VLOOKUP(B199,Sheet1!$A:$E,5,FALSE) -> หจก.จำลองชัยคอนกรีต
A200: 5-NorthEast | B200: FC283 | C200: หนองสองห้อง | D200: =COUNTIF(L1L2!$M:$M,$B200) -> 3 | E200: =COUNTIFS(L1L2!$M:$M,$B200,L1L2!$L:$L,$E$1) -> 3 | F200: =IF(AND(H200=1,D200>=2),9,IF(D200>=3,9,0)) -> 9 | G200: =IF(AND(H200=1,E200>=2),3,IF(E200>3,3,E200)) -> 3 | H200: =IF(ISNUMBER(SEARCH("M", C200)), 1, 0) -> 0 | I200: =VLOOKUP(B200,Sheet1!$A:$E,5,FALSE) -> หจก.จำลองชัยคอนกรีต
A201: 5-NorthEast | B201: FC313 | C201: วาปีปทุม | D201: =COUNTIF(L1L2!$M:$M,$B201) -> 2 | E201: =COUNTIFS(L1L2!$M:$M,$B201,L1L2!$L:$L,$E$1) -> 2 | F201: =IF(AND(H201=1,D201>=2),9,IF(D201>=3,9,0)) -> 0 | G201: =IF(AND(H201=1,E201>=2),3,IF(E201>3,3,E201)) -> 2 | H201: =IF(ISNUMBER(SEARCH("M", C201)), 1, 0) -> 0 | I201: =VLOOKUP(B201,Sheet1!$A:$E,5,FALSE) -> หจก.จำลองชัยคอนกรีต
A202: 6-South | B202: 15AQ | C202: กาญจนดิษฐ์ (Type X) | D202: =COUNTIF(L1L2!$M:$M,$B202) -> 0 | E202: =COUNTIFS(L1L2!$M:$M,$B202,L1L2!$L:$L,$E$1) -> 0 | F202: =IF(AND(H202=1,D202>=2),9,IF(D202>=3,9,0)) -> 0 | G202: =IF(AND(H202=1,E202>=2),3,IF(E202>3,3,E202)) -> 0 | H202: =IF(ISNUMBER(SEARCH("M", C202)), 1, 0) -> 0 | I202: =VLOOKUP(B202,Sheet1!$A:$E,5,FALSE) -> หจก.จุฑารัตน์คอนกรีต
... A210: 5-NorthEast | B210: FC089 | C210: ท่าบ่อ | D210: =COUNTIF(L1L2!$M:$M,$B210) -> 4 | E210: =COUNTIFS(L1L2!$M:$M,$B210,L1L2!$L:$L,$E$1) -> 4 | F210: =IF(AND(H210=1,D210>=2),9,IF(D210>=3,9,0)) -> 9 | G210: =IF(AND(H210=1,E210>=2),3,IF(E210>3,3,E210)) -> 3 | H210: =IF(ISNUMBER(SEARCH("M", C210)), 1, 0) -> 0 | I210: =VLOOKUP(B210,Sheet1!$A:$E,5,FALSE) -> หจก.ณัฐรวี คอนกรีต
A211: 2-East | B211: FC209 | C211: บ้านหมอ | D211: =COUNTIF(L1L2!$M:$M,$B211) -> 3 | E211: =COUNTIFS(L1L2!$M:$M,$B211,L1L2!$L:$L,$E$1) -> 3 | F211: =IF(AND(H211=1,D211>=2),9,IF(D211>=3,9,0)) -> 9 | G211: =IF(AND(H211=1,E211>=2),3,IF(E211>3,3,E211)) -> 3 | H211: =IF(ISNUMBER(SEARCH("M", C211)), 1, 0) -> 0 | I211: =VLOOKUP(B211,Sheet1!$A:$E,5,FALSE) -> หจก.ดวงแสงทองคอนกรีต | J211: บ้านหมอ 5 คน 2 โรงงาน
A212: 2-East | B212: FC389 | C212: บ้านหมอ 2 | D212: =COUNTIF(L1L2!$M:$M,$B212) -> 3 | E212: =COUNTIFS(L1L2!$M:$M,$B212,L1L2!$L:$L,$E$1) -> 3 | F212: =IF(AND(H212=1,D212>=2),9,IF(D212>=3,9,0)) -> 9 | G212: =IF(AND(H212=1,E212>=2),3,IF(E212>3,3,E212)) -> 3 | H212: =IF(ISNUMBER(SEARCH("M", C212)), 1, 0) -> 0 | I212: =VLOOKUP(B212,Sheet1!$A:$E,5,FALSE) -> หจก.ดวงแสงทองคอนกรีต
...

Sheet Sheet1
A1: รหัส | B1: ชื่อโรงงาน | C1: กิจการ | D1: รหัส | E1: หจก./บจก.
A2: 31ED | B2: หลวงแพ่ง | C2: 1-Metro | D2: FR109 | E2: บจก.เจเอ็นเจพี ซิเมนต์ | F2: =VLOOKUP(A2,Score!B:B,1,FALSE) -> 31ED
A3: 31EC | B3: คลองด่าน | C3: 1-Metro | D3: FR100 | E3: บจก.เอส.เอส.พี (072) คอนสตรัคชั่น | F3: =VLOOKUP(A3,Score!B:B,1,FALSE) -> 31EC
A4: 31EF | B4: นพวงศ์ | C4: 1-Metro | D4: FR187 | E4: หจก.เพาเวอร์ แลนด์ คอนกรีต | F4: =VLOOKUP(A4,Score!B:B,1,FALSE) -> 31EF
A5: FC139 | B5: คลอง 11 | C5: 1-Metro | D5: FR002 | E5: บจก.สหชัยธุรกิจก่อสร้าง 1993 | F5: =VLOOKUP(A5,Score!B:B,1,FALSE) -> FC139
A6: FC095 | B6: มวกเหล็ก | C6: 2-East | D6: FR002 | E6: บจก.สหชัยธุรกิจก่อสร้าง 1993 | F6: =VLOOKUP(A6,Score!B:B,1,FALSE) -> FC095
A7: FC046 | B7: วังม่วง | C7: 2-East | D7: FR002 | E7: บจก.สหชัยธุรกิจก่อสร้าง 1993 | F7: =VLOOKUP(A7,Score!B:B,1,FALSE) -> FC046
A8: FC175 | B8: พัฒนานิคม | C8: 2-East | D8: FR002 | E8: บจก.สหชัยธุรกิจก่อสร้าง 1993 | F8: =VLOOKUP(A8,Score!B:B,1,FALSE) -> FC175
A9: FC390 | B9: โคกสำโรง | C9: 2-East | D9: FR002 | E9: บจก.สหชัยธุรกิจก่อสร้าง 1993 | F9: =VLOOKUP(A9,Score!B:B,1,FALSE) -> FC390
A10: FC013 | B10: ลำนารายณ์ | C10: 2-East | D10: FR005 | E10: บจก.นิธิศพันธ์ | F10: =VLOOKUP(A10,Score!B:B,1,FALSE) -> FC013
A11: FC111 | B11: ดาวเรือง 1 | C11: 2-East | D11: FR003 | E11: บจก.ศุภภัณฑ์คอนกรีต | F11: =VLOOKUP(A11,Score!B:B,1,FALSE) -> FC111
A12: FC209 | B12: บ้านหมอ | C12: 2-East | D12: FR150 | E12: หจก.ดวงแสงทองคอนกรีต | F12: =VLOOKUP(A12,Score!B:B,1,FALSE) -> FC209
A13: FC389 | B13: บ้านหมอ 2 | C13: 2-East | D13: FR150 | E13: หจก.ดวงแสงทองคอนกรีต | F13: =VLOOKUP(A13,Score!B:B,1,FALSE) -> FC389
... A253: FC029 | B253: ไชยา | C253: 6-South | D253: FR053 | E253: บจก.ไชยาคอนกรีต | F253: =VLOOKUP(A253,Score!B:B,1,FALSE) -> FC029
A254: 3164 | B254: ปากน้ำชุมพร | C254: 6-South | D254: FR159 | E254: บจก.ชุมพรไถ่เชียงคอนกรีต | F254: =VLOOKUP(A254,Score!B:B,1,FALSE) -> 3164
A255: FC287 | B255: มาบอำมฤต | C255: 6-South | D255: FR159 | E255: บจก.ชุมพรไถ่เชียงคอนกรีต | F255: =VLOOKUP(A255,Score!B:B,1,FALSE) -> FC287
A256: FC282 | B256: ระนอง | C256: 6-South | D256: FR211 | E256: บจก.คอนกรีตซีแพคระนอง | F256: =VLOOKUP(A256,Score!B:B,1,FALSE) -> FC282
A257: 3165 | B257: ผาหลวงคอนกรีต 1 | C257: 6-South | D257: FR162 | E257: บจก.ผาหลวงคอนกรีต | F257: =VLOOKUP(A257,Score!B:B,1,FALSE) -> 3165
A258: 3166 | B258: ผาหลวงคอนกรีต 2 | C258: 6-South | D258: FR162 | E258: บจก.ผาหลวงคอนกรีต | F258: =VLOOKUP(A258,Score!B:B,1,FALSE) -> 3166
A259: FC115 | B259: เกาะพะงัน | C259: 6-South | D259: FR073 | E259: หจก.ลิ้มปิพงษ์ค้าวัสดุก่อสร้างและคอนกรีต | F259: =VLOOKUP(A259,Score!B:B,1,FALSE) -> FC115
A260: 3168 | B260: หนองขรี | C260: 6-South | D260: FR202 | E260: บจก.พุนพินมาตรฐานคอนกรีต | F260: =VLOOKUP(A260,Score!B:B,1,FALSE) -> 3168
A261: FC253 | B261: นาสาร | C261: 6-South | D261: FR093 | E261: บจก.ปัญญามาตรฐานคอนกรีต | F261: =VLOOKUP(A261,Score!B:B,1,FALSE) -> FC253
A262: FC129 | B262: ทุ่งใหญ่ | C262: 6-South | D262: FR093 | E262: บจก.ปัญญามาตรฐานคอนกรีต | F262: =VLOOKUP(A262,Score!B:B,1,FALSE) -> FC129
A263: FC295 | B263: บางสวรรค์ 3 | C263: 6-South | D263: FR093 | E263: บจก.ปัญญามาตรฐานคอนกรีต | F263: =VLOOKUP(A263,Score!B:B,1,FALSE) -> FC295
A264: FC356 | B264: นาสาร 2 | C264: 6-South | D264: FR093 | E264: บจก.ปัญญามาตรฐานคอนกรีต | F264: =VLOOKUP(A264,Score!B:B,1,FALSE) -> FC356
A265: FC396 | B265: เวียงสระ | C265: 6-South | D265: FR093 | E265: บจก.ปัญญามาตรฐานคอนกรีต | F265: =VLOOKUP(A265,Score!B:B,1,FALSE) -> FC396
A266: FC006 | B266: ขนอม | C266: 6-South | D266: FR055 | E266: หจก.ขนอมคอนกรีต 2000 | F266: =VLOOKUP(A266,Score!B:B,1,FALSE) -> FC006
... A291: FC413 | B291: เขาหลักโกลเด้นฮิลล์ | C291: 6-South | D291: FR097 | E291: หจก.วี.วี.เอ็มคอนกรีต | F291: =VLOOKUP(A291,Score!B:B,1,FALSE) -> FC413

Sheet ข้อมูลกิจการ
B1: FCPLNO | C1: NAMET | D1: DEPTNAMET
A2: =B2&" "&":"&" "&C2 -> FC139 : คลอง 11 | B2: FC139 | C2: คลอง 11 | D2: กรุงเทพ
A3: =B3&" "&":"&" "&C3 -> FC092 : อู่ทอง | B3: FC092 | C3: อู่ทอง | D3: ตะวันตก
A4: =B4&" "&":"&" "&C4 -> FC236 : ทับสะแก | B4: FC236 | C4: ทับสะแก | D4: ตะวันตก
A5: =B5&" "&":"&" "&C5 -> FC158 : แก่งกระจาน | B5: FC158 | C5: แก่งกระจาน | D5: ตะวันตก
A6: =B6&" "&":"&" "&C6 -> FC142 : บางปลาม้า | B6: FC142 | C6: บางปลาม้า | D6: ตะวันตก
A7: =B7&" "&":"&" "&C7 -> FC176 : บางตะเคียน | B7: FC176 | C7: บางตะเคียน | D7: ตะวันตก
A8: =B8&" "&":"&" "&C8 -> FC197 : สรรคบุรี | B8: FC197 | C8: สรรคบุรี | D8: ตะวันตก
A9: =B9&" "&":"&" "&C9 -> FC070 : ท่ามะกา | B9: FC070 | C9: ท่ามะกา | D9: ตะวันตก
A10: =B10&" "&":"&" "&C10 -> FC009 : ประจวบคีรีขันธ์ | B10: FC009 | C10: ประจวบคีรีขันธ์ | D10: ตะวันตก
A11: =B11&" "&":"&" "&C11 -> FC137 : ห้วยมงคล | B11: FC137 | C11: ห้วยมงคล | D11: ตะวันตก
A12: =B12&" "&":"&" "&C12 -> FC035 : บางสะพาน | B12: FC035 | C12: บางสะพาน | D12: ตะวันตก
A13: =B13&" "&":"&" "&C13 -> FC069 : จอมบึง | B13: FC069 | C13: จอมบึง | D13: ตะวันตก
... A276: =B276&" "&":"&" "&C276 -> 3167 : FC เจ้าฟ้าภูเก็ต | B276: 3167 | C276: FC เจ้าฟ้าภูเก็ต | D276: ใต้
